PROBE-SEARCH-HEADER	entries	names	transition	stage	ms
PROBE-SEARCH	500000	ascii	1:empty->file	filter_request	0.117
PROBE-SEARCH	500000	ascii	1:empty->file	filter_compute	69.282
PROBE-SEARCH	500000	ascii	1:empty->file	filter_swap	871.240
PROBE-SEARCH	500000	ascii	1:empty->file	elapsed	1073.027
PROBE-SEARCH	500000	ascii	1:empty->file	synchronous_compute	67.623
PROBE-SEARCH-ROWS	500000	ascii	1:empty->file	5000	505000
PROBE-SEARCH	500000	ascii	2:file->file499999	filter_request	0.136
PROBE-SEARCH	500000	ascii	2:file->file499999	filter_compute	57.788
PROBE-SEARCH	500000	ascii	2:file->file499999	filter_swap	378.497
PROBE-SEARCH	500000	ascii	2:file->file499999	elapsed	462.673
PROBE-SEARCH	500000	ascii	2:file->file499999	synchronous_compute	57.218
PROBE-SEARCH-ROWS	500000	ascii	2:file->file499999	505000	2
PROBE-SEARCH	500000	ascii	3:file499999->empty	filter_request	19.596
PROBE-SEARCH	500000	ascii	3:file499999->empty	filter_compute	0.000
PROBE-SEARCH	500000	ascii	3:file499999->empty	filter_swap	19.596
PROBE-SEARCH	500000	ascii	3:file499999->empty	elapsed	19.600
PROBE-SEARCH	500000	ascii	3:file499999->empty	synchronous_compute	0.002
PROBE-SEARCH-ROWS	500000	ascii	3:file499999->empty	2	5000
PROBE-SEARCH	500000	ascii	4:empty->file499999	filter_request	0.080
PROBE-SEARCH	500000	ascii	4:empty->file499999	filter_compute	59.580
PROBE-SEARCH	500000	ascii	4:empty->file499999	filter_swap	12.845
PROBE-SEARCH	500000	ascii	4:empty->file499999	elapsed	101.343
PROBE-SEARCH	500000	ascii	4:empty->file499999	synchronous_compute	58.419
PROBE-SEARCH-ROWS	500000	ascii	4:empty->file499999	5000	2
PROBE-SEARCH	500000	ascii	5:file499999->zzz	filter_request	0.151
PROBE-SEARCH	500000	ascii	5:file499999->zzz	filter_compute	53.525
PROBE-SEARCH	500000	ascii	5:file499999->zzz	filter_swap	7.037
PROBE-SEARCH	500000	ascii	5:file499999->zzz	elapsed	65.310
PROBE-SEARCH	500000	ascii	5:file499999->zzz	synchronous_compute	53.438
PROBE-SEARCH-ROWS	500000	ascii	5:file499999->zzz	2	0
PROBE-SEARCH	500000	ascii	6:zzz->empty	filter_request	16.713
PROBE-SEARCH	500000	ascii	6:zzz->empty	filter_compute	0.000
PROBE-SEARCH	500000	ascii	6:zzz->empty	filter_swap	16.712
PROBE-SEARCH	500000	ascii	6:zzz->empty	elapsed	16.716
PROBE-SEARCH	500000	ascii	6:zzz->empty	synchronous_compute	0.002
PROBE-SEARCH-ROWS	500000	ascii	6:zzz->empty	0	5000
PROBE-SEARCH	500000	ascii	7:empty->file	filter_request	0.074
PROBE-SEARCH	500000	ascii	7:empty->file	filter_compute	67.965
PROBE-SEARCH	500000	ascii	7:empty->file	filter_swap	846.643
PROBE-SEARCH	500000	ascii	7:empty->file	elapsed	962.123
PROBE-SEARCH	500000	ascii	7:empty->file	synchronous_compute	63.808
PROBE-SEARCH-ROWS	500000	ascii	7:empty->file	5000	505000
PROBE-SEARCH	500000	ascii	8:file->empty	filter_request	166.677
PROBE-SEARCH	500000	ascii	8:file->empty	filter_compute	0.000
PROBE-SEARCH	500000	ascii	8:file->empty	filter_swap	166.677
PROBE-SEARCH	500000	ascii	8:file->empty	elapsed	166.681
PROBE-SEARCH	500000	ascii	8:file->empty	synchronous_compute	0.002
PROBE-SEARCH-ROWS	500000	ascii	8:file->empty	505000	5000
PROBE-SEARCH	500000	ascii	9:empty->資料9	filter_request	0.087
PROBE-SEARCH	500000	ascii	9:empty->資料9	filter_compute	50.791
PROBE-SEARCH	500000	ascii	9:empty->資料9	filter_swap	9.960
PROBE-SEARCH	500000	ascii	9:empty->資料9	elapsed	68.996
PROBE-SEARCH	500000	ascii	9:empty->資料9	synchronous_compute	50.275
PROBE-SEARCH-ROWS	500000	ascii	9:empty->資料9	5000	0
PROBE-SEARCH	500000	ascii	10:資料9->empty	filter_request	17.272
PROBE-SEARCH	500000	ascii	10:資料9->empty	filter_compute	0.000
PROBE-SEARCH	500000	ascii	10:資料9->empty	filter_swap	17.272
PROBE-SEARCH	500000	ascii	10:資料9->empty	elapsed	17.276
PROBE-SEARCH	500000	ascii	10:資料9->empty	synchronous_compute	0.001
PROBE-SEARCH-ROWS	500000	ascii	10:資料9->empty	0	5000
PROBE-SEARCH	500000	ascii	display:file499999	filter_compute	57.796
PROBE-SEARCH	500000	ascii	display:file499999	display	10.309
PROBE-SEARCH	500000	ascii	display:file499999	main_thread_filters	0
PROBE-SEARCH-ROWS	500000	ascii	display:file499999	2	2
PROBE-SEARCH	500000	ascii	display:file499999	synchronous_compute	56.331
PROBE-SEARCH	500000	ascii	display:file	filter_compute	67.640
PROBE-SEARCH	500000	ascii	display:file	display	5781.522
PROBE-SEARCH	500000	ascii	display:file	main_thread_filters	0
PROBE-SEARCH-ROWS	500000	ascii	display:file	505000	505000
PROBE-SEARCH	500000	ascii	display:file	synchronous_compute	68.805
PROBE-SEARCH	500000	ja	1:empty->文書	filter_request	0.063
PROBE-SEARCH	500000	ja	1:empty->文書	filter_compute	151.281
PROBE-SEARCH	500000	ja	1:empty->文書	filter_swap	906.216
PROBE-SEARCH	500000	ja	1:empty->文書	elapsed	1788.601
PROBE-SEARCH	500000	ja	1:empty->文書	synchronous_compute	145.845
PROBE-SEARCH-ROWS	500000	ja	1:empty->文書	5000	505000
PROBE-SEARCH	500000	ja	2:文書->文書499999	filter_request	0.143
PROBE-SEARCH	500000	ja	2:文書->文書499999	filter_compute	1023.294
PROBE-SEARCH	500000	ja	2:文書->文書499999	filter_swap	602.063
PROBE-SEARCH	500000	ja	2:文書->文書499999	elapsed	1659.710
PROBE-SEARCH	500000	ja	2:文書->文書499999	synchronous_compute	1034.660
PROBE-SEARCH-ROWS	500000	ja	2:文書->文書499999	505000	2
PROBE-SEARCH	500000	ja	3:文書499999->empty	filter_request	20.090
PROBE-SEARCH	500000	ja	3:文書499999->empty	filter_compute	0.000
PROBE-SEARCH	500000	ja	3:文書499999->empty	filter_swap	20.090
PROBE-SEARCH	500000	ja	3:文書499999->empty	elapsed	20.093
PROBE-SEARCH	500000	ja	3:文書499999->empty	synchronous_compute	0.002
PROBE-SEARCH-ROWS	500000	ja	3:文書499999->empty	2	5000
PROBE-SEARCH	500000	ja	4:empty->文書499999	filter_request	0.077
PROBE-SEARCH	500000	ja	4:empty->文書499999	filter_compute	1044.443
PROBE-SEARCH	500000	ja	4:empty->文書499999	filter_swap	14.465
PROBE-SEARCH	500000	ja	4:empty->文書499999	elapsed	1082.311
PROBE-SEARCH	500000	ja	4:empty->文書499999	synchronous_compute	1035.186
PROBE-SEARCH-ROWS	500000	ja	4:empty->文書499999	5000	2
PROBE-SEARCH	500000	ja	5:文書499999->zzz	filter_request	0.149
PROBE-SEARCH	500000	ja	5:文書499999->zzz	filter_compute	637.274
PROBE-SEARCH	500000	ja	5:文書499999->zzz	filter_swap	7.363
PROBE-SEARCH	500000	ja	5:文書499999->zzz	elapsed	648.926
PROBE-SEARCH	500000	ja	5:文書499999->zzz	synchronous_compute	630.750
PROBE-SEARCH-ROWS	500000	ja	5:文書499999->zzz	2	0
PROBE-SEARCH	500000	ja	6:zzz->empty	filter_request	18.069
PROBE-SEARCH	500000	ja	6:zzz->empty	filter_compute	0.000
PROBE-SEARCH	500000	ja	6:zzz->empty	filter_swap	18.069
PROBE-SEARCH	500000	ja	6:zzz->empty	elapsed	18.073
PROBE-SEARCH	500000	ja	6:zzz->empty	synchronous_compute	0.002
PROBE-SEARCH-ROWS	500000	ja	6:zzz->empty	0	5000
PROBE-SEARCH	500000	ja	7:empty->文書	filter_request	0.081
PROBE-SEARCH	500000	ja	7:empty->文書	filter_compute	145.049
PROBE-SEARCH	500000	ja	7:empty->文書	filter_swap	871.241
PROBE-SEARCH	500000	ja	7:empty->文書	elapsed	1064.318
PROBE-SEARCH	500000	ja	7:empty->文書	synchronous_compute	147.222
PROBE-SEARCH-ROWS	500000	ja	7:empty->文書	5000	505000
PROBE-SEARCH	500000	ja	8:文書->empty	filter_request	163.349
PROBE-SEARCH	500000	ja	8:文書->empty	filter_compute	0.000
PROBE-SEARCH	500000	ja	8:文書->empty	filter_swap	163.349
PROBE-SEARCH	500000	ja	8:文書->empty	elapsed	163.354
PROBE-SEARCH	500000	ja	8:文書->empty	synchronous_compute	0.002
PROBE-SEARCH-ROWS	500000	ja	8:文書->empty	505000	5000
PROBE-SEARCH	500000	ja	display:文書499999	filter_compute	1022.561
PROBE-SEARCH	500000	ja	display:文書499999	display	10.763
PROBE-SEARCH	500000	ja	display:文書499999	main_thread_filters	0
PROBE-SEARCH-ROWS	500000	ja	display:文書499999	2	2
PROBE-SEARCH	500000	ja	display:文書499999	synchronous_compute	1034.269
PROBE-SEARCH	500000	ja	display:文書	filter_compute	146.550
PROBE-SEARCH	500000	ja	display:文書	display	6027.985
PROBE-SEARCH	500000	ja	display:文書	main_thread_filters	0
PROBE-SEARCH-ROWS	500000	ja	display:文書	505000	505000
PROBE-SEARCH	500000	ja	display:文書	synchronous_compute	168.500
