PROBE-SEARCH	25000	ascii	1:empty->file	filter_request	0.082
PROBE-SEARCH	25000	ascii	1:empty->file	filter_compute	23.678
PROBE-SEARCH	25000	ascii	1:empty->file	filter_swap	67.227
PROBE-SEARCH	25000	ascii	1:empty->file	elapsed	201.386
PROBE-SEARCH	25000	ascii	1:empty->file	synchronous_compute	22.269
PROBE-SEARCH	25000	ascii	2:file->file24999	filter_request	0.109
PROBE-SEARCH	25000	ascii	2:file->file24999	filter_compute	33.604
PROBE-SEARCH	25000	ascii	2:file->file24999	filter_swap	30.567
PROBE-SEARCH	25000	ascii	2:file->file24999	elapsed	74.108
PROBE-SEARCH	25000	ascii	2:file->file24999	synchronous_compute	33.897
PROBE-SEARCH	25000	ascii	3:file24999->empty	filter_request	17.232
PROBE-SEARCH	25000	ascii	3:file24999->empty	filter_compute	0.000
PROBE-SEARCH	25000	ascii	3:file24999->empty	filter_swap	17.231
PROBE-SEARCH	25000	ascii	3:file24999->empty	elapsed	17.238
PROBE-SEARCH	25000	ascii	3:file24999->empty	synchronous_compute	0.004
PROBE-SEARCH	25000	ascii	4:empty->file24999	filter_request	0.072
PROBE-SEARCH	25000	ascii	4:empty->file24999	filter_compute	33.965
PROBE-SEARCH	25000	ascii	4:empty->file24999	filter_swap	10.394
PROBE-SEARCH	25000	ascii	4:empty->file24999	elapsed	65.555
PROBE-SEARCH	25000	ascii	4:empty->file24999	synchronous_compute	33.009
PROBE-SEARCH	25000	ascii	5:file24999->zzz	filter_request	0.096
PROBE-SEARCH	25000	ascii	5:file24999->zzz	filter_compute	46.039
PROBE-SEARCH	25000	ascii	5:file24999->zzz	filter_swap	1.879
PROBE-SEARCH	25000	ascii	5:file24999->zzz	elapsed	50.542
PROBE-SEARCH	25000	ascii	5:file24999->zzz	synchronous_compute	45.310
PROBE-SEARCH	25000	ascii	6:zzz->empty	filter_request	14.280
PROBE-SEARCH	25000	ascii	6:zzz->empty	filter_compute	0.000
PROBE-SEARCH	25000	ascii	6:zzz->empty	filter_swap	14.280
PROBE-SEARCH	25000	ascii	6:zzz->empty	elapsed	14.284
PROBE-SEARCH	25000	ascii	6:zzz->empty	synchronous_compute	0.002
PROBE-SEARCH	25000	ascii	7:empty->file	filter_request	0.067
PROBE-SEARCH	25000	ascii	7:empty->file	filter_compute	22.606
PROBE-SEARCH	25000	ascii	7:empty->file	filter_swap	63.839
PROBE-SEARCH	25000	ascii	7:empty->file	elapsed	119.149
PROBE-SEARCH	25000	ascii	7:empty->file	synchronous_compute	22.548
PROBE-SEARCH	25000	ascii	8:file->empty	filter_request	17.367
PROBE-SEARCH	25000	ascii	8:file->empty	filter_compute	0.001
PROBE-SEARCH	25000	ascii	8:file->empty	filter_swap	17.367
PROBE-SEARCH	25000	ascii	8:file->empty	elapsed	17.372
PROBE-SEARCH	25000	ascii	8:file->empty	synchronous_compute	0.002
PROBE-SEARCH	25000	ascii	9:empty->資料9	filter_request	0.059
PROBE-SEARCH	25000	ascii	9:empty->資料9	filter_compute	17.459
PROBE-SEARCH	25000	ascii	9:empty->資料9	filter_swap	2.511
PROBE-SEARCH	25000	ascii	9:empty->資料9	elapsed	53.584
PROBE-SEARCH	25000	ascii	9:empty->資料9	synchronous_compute	16.911
PROBE-SEARCH	25000	ascii	10:資料9->empty	filter_request	14.268
PROBE-SEARCH	25000	ascii	10:資料9->empty	filter_compute	0.000
PROBE-SEARCH	25000	ascii	10:資料9->empty	filter_swap	14.268
PROBE-SEARCH	25000	ascii	10:資料9->empty	elapsed	14.272
PROBE-SEARCH	25000	ascii	10:資料9->empty	synchronous_compute	0.002
PROBE-SEARCH	25000	ascii	display:file24999	filter_compute	33.075
PROBE-SEARCH	25000	ascii	display:file24999	display	9.407
PROBE-SEARCH	25000	ascii	display:file24999	main_thread_filters	0
PROBE-SEARCH	25000	ascii	display:file24999	synchronous_compute	33.313
PROBE-SEARCH	25000	ascii	display:file	filter_compute	23.446
PROBE-SEARCH	25000	ascii	display:file	display	138.675
PROBE-SEARCH	25000	ascii	display:file	main_thread_filters	0
PROBE-SEARCH	25000	ascii	display:file	synchronous_compute	23.132
PROBE-SEARCH	25000	ja	1:empty->文書	filter_request	0.045
PROBE-SEARCH	25000	ja	1:empty->文書	filter_compute	30.721
PROBE-SEARCH	25000	ja	1:empty->文書	filter_swap	69.486
PROBE-SEARCH	25000	ja	1:empty->文書	elapsed	211.455
PROBE-SEARCH	25000	ja	1:empty->文書	synchronous_compute	29.420
PROBE-SEARCH	25000	ja	2:文書->文書24999	filter_request	0.111
PROBE-SEARCH	25000	ja	2:文書->文書24999	filter_compute	69.531
PROBE-SEARCH	25000	ja	2:文書->文書24999	filter_swap	29.874
PROBE-SEARCH	25000	ja	2:文書->文書24999	elapsed	109.073
PROBE-SEARCH	25000	ja	2:文書->文書24999	synchronous_compute	69.259
PROBE-SEARCH	25000	ja	3:文書24999->empty	filter_request	15.473
PROBE-SEARCH	25000	ja	3:文書24999->empty	filter_compute	0.000
PROBE-SEARCH	25000	ja	3:文書24999->empty	filter_swap	15.473
PROBE-SEARCH	25000	ja	3:文書24999->empty	elapsed	15.479
PROBE-SEARCH	25000	ja	3:文書24999->empty	synchronous_compute	0.002
PROBE-SEARCH	25000	ja	4:empty->文書24999	filter_request	0.065
PROBE-SEARCH	25000	ja	4:empty->文書24999	filter_compute	70.500
PROBE-SEARCH	25000	ja	4:empty->文書24999	filter_swap	9.438
PROBE-SEARCH	25000	ja	4:empty->文書24999	elapsed	100.467
PROBE-SEARCH	25000	ja	4:empty->文書24999	synchronous_compute	70.677
PROBE-SEARCH	25000	ja	5:文書24999->zzz	filter_request	0.130
PROBE-SEARCH	25000	ja	5:文書24999->zzz	filter_compute	52.838
PROBE-SEARCH	25000	ja	5:文書24999->zzz	filter_swap	1.993
PROBE-SEARCH	25000	ja	5:文書24999->zzz	elapsed	57.817
PROBE-SEARCH	25000	ja	5:文書24999->zzz	synchronous_compute	52.422
PROBE-SEARCH	25000	ja	6:zzz->empty	filter_request	14.895
PROBE-SEARCH	25000	ja	6:zzz->empty	filter_compute	0.000
PROBE-SEARCH	25000	ja	6:zzz->empty	filter_swap	14.894
PROBE-SEARCH	25000	ja	6:zzz->empty	elapsed	14.900
PROBE-SEARCH	25000	ja	6:zzz->empty	synchronous_compute	0.002
PROBE-SEARCH	25000	ja	7:empty->文書	filter_request	0.066
PROBE-SEARCH	25000	ja	7:empty->文書	filter_compute	30.075
PROBE-SEARCH	25000	ja	7:empty->文書	filter_swap	68.659
PROBE-SEARCH	25000	ja	7:empty->文書	elapsed	132.457
PROBE-SEARCH	25000	ja	7:empty->文書	synchronous_compute	29.993
PROBE-SEARCH	25000	ja	8:文書->empty	filter_request	18.468
PROBE-SEARCH	25000	ja	8:文書->empty	filter_compute	0.000
PROBE-SEARCH	25000	ja	8:文書->empty	filter_swap	18.468
PROBE-SEARCH	25000	ja	8:文書->empty	elapsed	18.473
PROBE-SEARCH	25000	ja	8:文書->empty	synchronous_compute	0.002
PROBE-SEARCH	25000	ja	display:文書24999	filter_compute	68.838
PROBE-SEARCH	25000	ja	display:文書24999	display	8.791
PROBE-SEARCH	25000	ja	display:文書24999	main_thread_filters	0
PROBE-SEARCH	25000	ja	display:文書24999	synchronous_compute	70.243
PROBE-SEARCH	25000	ja	display:文書	filter_compute	29.000
PROBE-SEARCH	25000	ja	display:文書	display	131.000
PROBE-SEARCH	25000	ja	display:文書	main_thread_filters	0
PROBE-SEARCH	25000	ja	display:文書	synchronous_compute	29.505
