PROBE-MANY	files=120	seed=20260926	dictionary=/usr/share/dict/words
PROBE-PROGRESS	zip	entries	add_many	244	124	0.612	10.902
PROBE-PROGRESS	zip	entries	create_many	242	123	0.149	9.804
PROBE-PROGRESS	tar	entries	add_many	244	123	5.025	8.675
PROBE-PROGRESS	tar	entries	create_many	242	123	0.136	8.931
PROBE-PROGRESS	tar.gz	entries	add_many	244	123	8.041	10.017
PROBE-PROGRESS	tar.gz	entries	create_many	242	123	7.673	10.525
PROBE-PROGRESS	7z	entries	add_many	244	124	189.582	4.252
PROBE-PROGRESS	7z	entries	create_many	242	123	0.501	4.009
PROBE-PROGRESS	lha	entries	add_many	244	124	122.727	4.160
PROBE-PROGRESS	lha	entries	create_many	242	123	2.284	4.523
PROBE-PROGRESS	zip	entries	delete_start	4	2	0.301	2.350
PROBE-PROGRESS	zip	entries	delete_end	4	2	0.453	1.959
PROBE-PROGRESS	zip	entries	rename_same_length	4	2	0.316	1.971
PROBE-PROGRESS	zip	entries	rename_different_length	4	2	0.287	2.010
PROBE-PROGRESS	zip	entries	rename_folder	4	2	0.616	2.094
PROBE-PROGRESS	zip	entries	new_folder	4	2	0.613	2.231
PROBE-PROGRESS	zip	entries	add_file	6	3	0.388	2.011
PROBE-PROGRESS	zip	entries	replace_file	6	3	0.393	2.165
PROBE-PROGRESS	zip	payload	delete_start	4	2	1.290	40.051
PROBE-PROGRESS	zip	payload	delete_end	4	2	1.332	41.153
PROBE-PROGRESS	zip	payload	rename_same_length	4	2	3.951	41.120
PROBE-PROGRESS	zip	payload	rename_different_length	4	2	3.960	39.870
PROBE-PROGRESS	zip	payload	rename_folder	4	2	5.204	39.935
PROBE-PROGRESS	zip	payload	new_folder	4	2	3.459	41.352
PROBE-PROGRESS	zip	payload	add_file	6	3	3.545	42.317
PROBE-PROGRESS	zip	payload	replace_file	6	3	3.634	39.368
PROBE-PROGRESS	tar	entries	delete_start	4	2	0.661	2.634
PROBE-PROGRESS	tar	entries	delete_end	4	2	0.539	2.605
PROBE-PROGRESS	tar	entries	rename_same_length	4	2	0.727	2.682
PROBE-PROGRESS	tar	entries	rename_different_length	4	2	0.719	2.557
PROBE-PROGRESS	tar	entries	rename_folder	4	2	3.143	2.775
PROBE-PROGRESS	tar	entries	new_folder	4	2	0.423	2.651
PROBE-PROGRESS	tar	entries	add_file	6	3	0.510	2.822
PROBE-PROGRESS	tar	entries	replace_file	6	3	0.494	2.707
PROBE-PROGRESS	tar	payload	delete_start	5	3	3.980	132.911
PROBE-PROGRESS	tar	payload	delete_end	4	2	4.050	63.507
PROBE-PROGRESS	tar	payload	rename_same_length	4	2	4.058	67.130
PROBE-PROGRESS	tar	payload	rename_different_length	4	2	4.026	70.935
PROBE-PROGRESS	tar	payload	rename_folder	4	2	12.372	61.433
PROBE-PROGRESS	tar	payload	new_folder	4	2	4.108	63.097
PROBE-PROGRESS	tar	payload	add_file	6	3	3.805	63.242
PROBE-PROGRESS	tar	payload	replace_file	7	4	6.777	60.394
PROBE-PROGRESS	tar.gz	entries	delete_start	4	2	0.461	3.386
PROBE-PROGRESS	tar.gz	entries	delete_end	4	2	0.374	3.496
PROBE-PROGRESS	tar.gz	entries	rename_same_length	4	2	0.483	3.564
PROBE-PROGRESS	tar.gz	entries	rename_different_length	4	2	0.478	3.452
PROBE-PROGRESS	tar.gz	entries	rename_folder	4	2	2.258	3.469
PROBE-PROGRESS	tar.gz	entries	new_folder	4	2	0.279	3.481
PROBE-PROGRESS	tar.gz	entries	add_file	6	3	0.265	3.637
PROBE-PROGRESS	tar.gz	entries	replace_file	6	3	0.315	3.369
PROBE-PROGRESS	tar.gz	payload	delete_start	4	2	29.739	64.283
PROBE-PROGRESS	tar.gz	payload	delete_end	4	2	3.811	68.115
PROBE-PROGRESS	tar.gz	payload	rename_same_length	4	2	30.090	63.565
PROBE-PROGRESS	tar.gz	payload	rename_different_length	4	2	30.890	66.073
PROBE-PROGRESS	tar.gz	payload	rename_folder	4	2	36.527	64.260
PROBE-PROGRESS	tar.gz	payload	new_folder	4	2	3.211	65.292
PROBE-PROGRESS	tar.gz	payload	add_file	6	3	3.234	64.056
PROBE-PROGRESS	tar.gz	payload	replace_file	6	3	29.404	64.112
PROBE-PROGRESS	tar.bz2	entries	delete_start	4	2	0.686	3.153
PROBE-PROGRESS	tar.bz2	entries	delete_end	4	2	0.702	3.332
PROBE-PROGRESS	tar.bz2	entries	rename_same_length	4	2	0.774	3.167
PROBE-PROGRESS	tar.bz2	entries	rename_different_length	4	2	0.823	3.148
PROBE-PROGRESS	tar.bz2	entries	rename_folder	4	2	2.613	3.180
PROBE-PROGRESS	tar.bz2	entries	new_folder	4	2	0.570	3.318
PROBE-PROGRESS	tar.bz2	entries	add_file	6	3	0.579	3.352
PROBE-PROGRESS	tar.bz2	entries	replace_file	6	3	0.548	3.179
PROBE-PROGRESS	tar.bz2	payload	delete_start	4	2	63.207	88.743
PROBE-PROGRESS	tar.bz2	payload	delete_end	4	2	64.253	87.182
PROBE-PROGRESS	tar.bz2	payload	rename_same_length	4	2	63.984	90.860
PROBE-PROGRESS	tar.bz2	payload	rename_different_length	4	2	63.408	86.618
PROBE-PROGRESS	tar.bz2	payload	rename_folder	4	2	69.097	87.509
PROBE-PROGRESS	tar.bz2	payload	new_folder	4	2	3.220	64.147
PROBE-PROGRESS	tar.bz2	payload	add_file	6	3	3.155	61.680
PROBE-PROGRESS	tar.bz2	payload	replace_file	6	3	62.357	90.885
PROBE-PROGRESS	tar.xz	entries	delete_start	4	2	2.012	3.522
PROBE-PROGRESS	tar.xz	entries	delete_end	4	2	1.166	3.130
PROBE-PROGRESS	tar.xz	entries	rename_same_length	4	2	1.275	3.301
PROBE-PROGRESS	tar.xz	entries	rename_different_length	4	2	1.336	3.290
PROBE-PROGRESS	tar.xz	entries	rename_folder	4	2	3.073	3.372
PROBE-PROGRESS	tar.xz	entries	new_folder	4	2	1.068	3.325
PROBE-PROGRESS	tar.xz	entries	add_file	6	3	1.091	3.352
PROBE-PROGRESS	tar.xz	entries	replace_file	6	3	1.013	3.258
PROBE-PROGRESS	tar.xz	payload	delete_start	4	2	186.303	81.354
PROBE-PROGRESS	tar.xz	payload	delete_end	4	2	186.560	80.373
PROBE-PROGRESS	tar.xz	payload	rename_same_length	4	2	187.393	79.397
PROBE-PROGRESS	tar.xz	payload	rename_different_length	4	2	190.083	80.738
PROBE-PROGRESS	tar.xz	payload	rename_folder	4	2	197.128	80.117
PROBE-PROGRESS	tar.xz	payload	new_folder	4	2	3.288	63.035
PROBE-PROGRESS	tar.xz	payload	add_file	6	3	3.276	66.924
PROBE-PROGRESS	tar.xz	payload	replace_file	6	3	201.447	81.400
PROBE-PROGRESS	7z	entries	delete_start	4	2	0.969	1.879
PROBE-PROGRESS	7z	entries	delete_end	4	2	1.345	1.808
PROBE-PROGRESS	7z	entries	rename_same_length	4	2	0.990	1.857
PROBE-PROGRESS	7z	entries	rename_different_length	4	2	1.003	1.768
PROBE-PROGRESS	7z	entries	rename_folder	4	2	1.010	1.797
PROBE-PROGRESS	7z	entries	new_folder	4	2	0.796	1.767
PROBE-PROGRESS	7z	entries	add_file	6	3	1.214	1.986
PROBE-PROGRESS	7z	entries	replace_file	6	3	1.196	1.793
PROBE-PROGRESS	7z	payload	delete_start	4	2	19.397	18.715
PROBE-PROGRESS	7z	payload	delete_end	4	2	17.069	16.241
PROBE-PROGRESS	7z	payload	rename_same_length	4	2	16.893	16.410
PROBE-PROGRESS	7z	payload	rename_different_length	4	2	16.924	16.277
PROBE-PROGRESS	7z	payload	rename_folder	4	2	17.182	16.497
PROBE-PROGRESS	7z	payload	new_folder	4	2	17.070	16.504
PROBE-PROGRESS	7z	payload	add_file	6	3	17.348	16.742
PROBE-PROGRESS	7z	payload	replace_file	6	3	19.652	16.261
PROBE-PROGRESS	lha	entries	delete_start	4	2	0.549	1.833
PROBE-PROGRESS	lha	entries	delete_end	4	2	0.566	1.963
PROBE-PROGRESS	lha	entries	rename_same_length	4	2	0.506	1.867
PROBE-PROGRESS	lha	entries	rename_different_length	4	2	0.452	1.812
PROBE-PROGRESS	lha	entries	rename_folder	4	2	0.745	1.936
PROBE-PROGRESS	lha	entries	new_folder	4	2	0.750	1.795
PROBE-PROGRESS	lha	entries	add_file	6	3	0.706	1.779
PROBE-PROGRESS	lha	entries	replace_file	6	3	0.705	1.794
PROBE-PROGRESS	lha	payload	delete_start	4	2	3.872	17.978
PROBE-PROGRESS	lha	payload	delete_end	4	2	3.886	18.532
PROBE-PROGRESS	lha	payload	rename_same_length	4	2	3.877	18.658
PROBE-PROGRESS	lha	payload	rename_different_length	4	2	3.907	18.435
PROBE-PROGRESS	lha	payload	rename_folder	4	2	5.555	18.099
PROBE-PROGRESS	lha	payload	new_folder	4	2	3.784	18.837
PROBE-PROGRESS	lha	payload	add_file	6	3	3.765	18.113
PROBE-PROGRESS	lha	payload	replace_file	6	3	6.282	18.233
