class	method	status	layout	log	exit
KaitoFinderTests.ArchiveCreationTests	testAcceptedExtensionsMatchEachFormatIgnoringCase	passed	s41-p7a	build/s41-p7a/010-ArchiveCreationTests.log	0
KaitoFinderTests.ArchiveCreationTests	testCancellationAtPublishPreservesDestinationAndRemovesTemporaryFilesForEveryFormat	passed	s41-p7a	build/s41-p7a/010-ArchiveCreationTests.log	0
KaitoFinderTests.ArchiveCreationTests	testConversionCancellationAtPublishPreservesBothArchives	passed	s41-p7a	build/s41-p7a/010-ArchiveCreationTests.log	0
KaitoFinderTests.ArchiveCreationTests	testConversionCannotReplaceOriginalThroughItsPathOrFileAliases	passed	s41-p7a	build/s41-p7a/010-ArchiveCreationTests.log	0
KaitoFinderTests.ArchiveCreationTests	testConversionCollisionsAreAllRefusedBeforeAnyWrite	passed	s41-p7a	build/s41-p7a/010-ArchiveCreationTests.log	0
KaitoFinderTests.ArchiveCreationTests	testConversionNamesRemoveTheWholeArchiveExtension	passed	s41-p7a	build/s41-p7a/010-ArchiveCreationTests.log	0
KaitoFinderTests.ArchiveCreationTests	testConversionPropagatesTheOriginalArchiveQuarantine	passed	s41-p7a	build/s41-p7a/010-ArchiveCreationTests.log	0
KaitoFinderTests.ArchiveCreationTests	testConversionUsesCurrentZIPPreferences	passed	s41-p7a	build/s41-p7a/010-ArchiveCreationTests.log	0
KaitoFinderTests.ArchiveCreationTests	testCreateLHARoundTripsEveryEntryAndContent	passed	s41-p7a	build/s41-p7a/010-ArchiveCreationTests.log	0
KaitoFinderTests.ArchiveCreationTests	testCreateSevenZipRoundTripsAndSevenZipLists	passed	s41-p7a	build/s41-p7a/010-ArchiveCreationTests.log	0
KaitoFinderTests.ArchiveCreationTests	testCreateTarBzip2RoundTripsAndBSDTarLists	passed	s41-p7a	build/s41-p7a/010-ArchiveCreationTests.log	0
KaitoFinderTests.ArchiveCreationTests	testCreateTarGzipHasGzipMagicRoundTripsAndTarLists	passed	s41-p7a	build/s41-p7a/010-ArchiveCreationTests.log	0
KaitoFinderTests.ArchiveCreationTests	testCreateTarRoundTripsAndBSDTarLists	passed	s41-p7a	build/s41-p7a/010-ArchiveCreationTests.log	0
KaitoFinderTests.ArchiveCreationTests	testCreateTarXZRoundTripsAndBSDTarLists	passed	s41-p7a	build/s41-p7a/010-ArchiveCreationTests.log	0
KaitoFinderTests.ArchiveCreationTests	testCreateZIPRoundTripsEveryEntryAndContent	passed	s41-p7a	build/s41-p7a/010-ArchiveCreationTests.log	0
KaitoFinderTests.ArchiveCreationTests	testCreationCannotReplaceAnySourceThroughItsPathOrHardLink	passed	s41-p7a	build/s41-p7a/010-ArchiveCreationTests.log	0
KaitoFinderTests.ArchiveCreationTests	testCreationDeflateLevelNinePreferencesCompress200KiBMoreThanStored	passed	s41-p7a	build/s41-p7a/010-ArchiveCreationTests.log	0
KaitoFinderTests.ArchiveCreationTests	testCreationStoredZIPPreferencesStoreEveryEntryWithoutCompression	passed	s41-p7a	build/s41-p7a/010-ArchiveCreationTests.log	0
KaitoFinderTests.ArchiveCreationTests	testDefaultNamesPreserveFolderAndFileNamesForEveryFormat	passed	s41-p7a	build/s41-p7a/010-ArchiveCreationTests.log	0
KaitoFinderTests.ArchiveCreationTests	testEncryptedZIPConvertsToUnencryptedSevenZipWithPassword	passed	s41-p7a	build/s41-p7a/010-ArchiveCreationTests.log	0
KaitoFinderTests.ArchiveCreationTests	testFirstQuarantinedSourceValueIsPropagatedExactly	passed	s41-p7a	build/s41-p7a/010-ArchiveCreationTests.log	0
KaitoFinderTests.ArchiveCreationTests	testInvalidSourcesAreAllReportedWithoutCreatingOutput	passed	s41-p7a	build/s41-p7a/010-ArchiveCreationTests.log	0
KaitoFinderTests.ArchiveCreationTests	testLHASymlinkFailureUsesLocalizedWriterDescription	passed	s41-p7a	build/s41-p7a/010-ArchiveCreationTests.log	0
KaitoFinderTests.ArchiveCreationTests	testMissingConversionPasswordThrowsRequiredAndPublishesNothing	passed	s41-p7a	build/s41-p7a/010-ArchiveCreationTests.log	0
KaitoFinderTests.ArchiveCreationTests	testNestedFileQuarantinePropagatesFromAnUnquarantinedFolder	passed	s41-p7a	build/s41-p7a/010-ArchiveCreationTests.log	0
KaitoFinderTests.ArchiveCreationTests	testPendingRegistryTracksCreationUntilSuccessOrFailure	passed	s41-p7a	build/s41-p7a/010-ArchiveCreationTests.log	0
KaitoFinderTests.ArchiveCreationTests	testPreparedPasswordCancellationKeepsOriginalUnchanged	passed	s41-p7a	build/s41-p7a/010-ArchiveCreationTests.log	0
KaitoFinderTests.ArchiveCreationTests	testPreparedPasswordPromptsVerifiesAllEntriesAndReusesVerifiedPassword	passed	s41-p7a	build/s41-p7a/010-ArchiveCreationTests.log	0
KaitoFinderTests.ArchiveCreationTests	testPublishHookFailurePreservesDestination	passed	s41-p7a	build/s41-p7a/010-ArchiveCreationTests.log	0
KaitoFinderTests.ArchiveCreationTests	testPublishSystemFailurePreservesDestinationDirectory	passed	s41-p7a	build/s41-p7a/010-ArchiveCreationTests.log	0
KaitoFinderTests.ArchiveCreationTests	testRegistryWriteFailureDoesNotPreventCreation	passed	s41-p7a	build/s41-p7a/010-ArchiveCreationTests.log	0
KaitoFinderTests.ArchiveCreationTests	testSourceQuarantineReadDoesNotFollowSymlinks	passed	s41-p7a	build/s41-p7a/010-ArchiveCreationTests.log	0
KaitoFinderTests.ArchiveCreationTests	testSuccessfulCreationReplacesDestinationOnlyAfterPrivateWorkIsComplete	passed	s41-p7a	build/s41-p7a/010-ArchiveCreationTests.log	0
KaitoFinderTests.ArchiveCreationTests	testTarBzip2ConversionAddsTwoFilesAndPreservesSourceSHA256	passed	s41-p7a	build/s41-p7a/010-ArchiveCreationTests.log	0
KaitoFinderTests.ArchiveCreationTests	testTarGzipCreationRefusesPlainGzipDestinationBeforeImport	passed	s41-p7a	build/s41-p7a/010-ArchiveCreationTests.log	0
KaitoFinderTests.ArchiveCreationTests	testUnquarantinedSourcesRemoveEvenTheReplacedDestinationsQuarantine	passed	s41-p7a	build/s41-p7a/010-ArchiveCreationTests.log	0
KaitoFinderTests.ArchiveCreationTests	testWrongConversionPasswordThrowsIncorrectAndPublishesNothing	passed	s41-p7a	build/s41-p7a/010-ArchiveCreationTests.log	0
KaitoFinderTests.ArchiveEditTests	testArchiveReplacementBeforeEditRefusesStaleSessionDeleteAndRenameWithoutUndo	passed	s41-p7a	build/s41-p7a/014-ArchiveEditTests.log	0
KaitoFinderTests.ArchiveEditTests	testCP932NameBytesSurviveNeighbourDeletion	passed	s41-p7a	build/s41-p7a/014-ArchiveEditTests.log	0
KaitoFinderTests.ArchiveEditTests	testCancellationAfterCloneDoesNotPublishRenameOrRegisterUndo	passed	s41-p7a	build/s41-p7a/014-ArchiveEditTests.log	0
KaitoFinderTests.ArchiveEditTests	testCloseCancelsPendingDeleteAndWaitsForSlotCleanup	passed	s41-p7a	build/s41-p7a/014-ArchiveEditTests.log	0
KaitoFinderTests.ArchiveEditTests	testCollisionIsRefusedBeforeOpeningUpdater	passed	s41-p7a	build/s41-p7a/014-ArchiveEditTests.log	0
KaitoFinderTests.ArchiveEditTests	testDeleteUndoAndRedoRestoreFullArchiveSHA256	passed	s41-p7a	build/s41-p7a/014-ArchiveEditTests.log	0
KaitoFinderTests.ArchiveEditTests	testDeletingAllEntriesProducesEmptyZIPAcceptedByUnzipAnd7zzOutput	passed	s41-p7a	build/s41-p7a/014-ArchiveEditTests.log	0
KaitoFinderTests.ArchiveEditTests	testDeletingFilePreservesEverySurvivingRecordAndPassesUnzip	passed	s41-p7a	build/s41-p7a/014-ArchiveEditTests.log	0
KaitoFinderTests.ArchiveEditTests	testDeletingRealDirectoryRemovesItsRecordAndAllDescendants	passed	s41-p7a	build/s41-p7a/014-ArchiveEditTests.log	0
KaitoFinderTests.ArchiveEditTests	testDeletingVirtualFolderRemovesExactlyItsDescendants	passed	s41-p7a	build/s41-p7a/014-ArchiveEditTests.log	0
KaitoFinderTests.ArchiveEditTests	testDirectoryRenameHandlesCanonicalPrefixSpellingsAndWritesNFCNames	passed	s41-p7a	build/s41-p7a/014-ArchiveEditTests.log	0
KaitoFinderTests.ArchiveEditTests	testEmptyNameIsRefusedBeforeOpeningUpdater	passed	s41-p7a	build/s41-p7a/014-ArchiveEditTests.log	0
KaitoFinderTests.ArchiveEditTests	testFailureAfterCloneDiscardsSlotAndRegistersNoUndoForDeleteAndRename	passed	s41-p7a	build/s41-p7a/014-ArchiveEditTests.log	0
KaitoFinderTests.ArchiveEditTests	testFixtureDamageAndToolScratchFilesAreIsolated	passed	s41-p7a	build/s41-p7a/014-ArchiveEditTests.log	0
KaitoFinderTests.ArchiveEditTests	testIndexIdentityDoesNotFoldCanonicallyEquivalentNames	passed	s41-p7a	build/s41-p7a/014-ArchiveEditTests.log	0
KaitoFinderTests.ArchiveEditTests	testInvalidDescendantPathRefusesWholeDirectoryRenameBeforeOpeningUpdater	passed	s41-p7a	build/s41-p7a/014-ArchiveEditTests.log	0
KaitoFinderTests.ArchiveEditTests	testInvalidMixedRequestQueuesNothing	passed	s41-p7a	build/s41-p7a/014-ArchiveEditTests.log	0
KaitoFinderTests.ArchiveEditTests	testMixedDeleteAndRenamePublishOnceWithOneGenerationAndUndoEntry	passed	s41-p7a	build/s41-p7a/014-ArchiveEditTests.log	0
KaitoFinderTests.ArchiveEditTests	testMoveCancellationAtPublishLeavesArchiveAndUndoUnchanged	passed	s41-p7a	build/s41-p7a/014-ArchiveEditTests.log	0
KaitoFinderTests.ArchiveEditTests	testMovePlanMapsFilesRealAndVirtualSubtreesAndVirtualDestinations	passed	s41-p7a	build/s41-p7a/014-ArchiveEditTests.log	0
KaitoFinderTests.ArchiveEditTests	testMoveRefusesConflictingRenameRemovalAndOverlappingSelections	passed	s41-p7a	build/s41-p7a/014-ArchiveEditTests.log	0
KaitoFinderTests.ArchiveEditTests	testMoveRefusesExistingVirtualAndBatchNameCollisionsAtomically	passed	s41-p7a	build/s41-p7a/014-ArchiveEditTests.log	0
KaitoFinderTests.ArchiveEditTests	testMoveRefusesSameLocationOwnSubtreesAndMissingOrFileDestinationsAtomically	passed	s41-p7a	build/s41-p7a/014-ArchiveEditTests.log	0
KaitoFinderTests.ArchiveEditTests	testMoveRejectsStaleSubtreesAndUpdaterNamesWithoutPublishing	passed	s41-p7a	build/s41-p7a/014-ArchiveEditTests.log	0
KaitoFinderTests.ArchiveEditTests	testMoveUsesCanonicalEquivalenceForParentsSubtreesAndDescendants	passed	s41-p7a	build/s41-p7a/014-ArchiveEditTests.log	0
KaitoFinderTests.ArchiveEditTests	testNFCSiblingFileRealDirectoryAndVirtualDirectoryCollisionsAreRefused	passed	s41-p7a	build/s41-p7a/014-ArchiveEditTests.log	0
KaitoFinderTests.ArchiveEditTests	testNULIsRefusedBeforeOpeningUpdater	passed	s41-p7a	build/s41-p7a/014-ArchiveEditTests.log	0
KaitoFinderTests.ArchiveEditTests	testNewFolderAddsExactlyOneDirectoryAndPreservesEveryExistingRecord	passed	s41-p7a	build/s41-p7a/014-ArchiveEditTests.log	0
KaitoFinderTests.ArchiveEditTests	testNewFolderCancellationAtPublishDiscardsUndoAndLeavesBytesUnchanged	passed	s41-p7a	build/s41-p7a/014-ArchiveEditTests.log	0
KaitoFinderTests.ArchiveEditTests	testNewFolderCapturesAtPublishAndHasOneUndoRedoEntryWithFullSHA256	passed	s41-p7a	build/s41-p7a/014-ArchiveEditTests.log	0
KaitoFinderTests.ArchiveEditTests	testNewFolderCollisionNumbersIncludeFilesAndVirtualFolders	passed	s41-p7a	build/s41-p7a/014-ArchiveEditTests.log	0
KaitoFinderTests.ArchiveEditTests	testNewFolderInVirtualParentDoesNotInventAncestorRecords	passed	s41-p7a	build/s41-p7a/014-ArchiveEditTests.log	0
KaitoFinderTests.ArchiveEditTests	testNewFolderReadOnlyRefusalPrecedesUpdaterAndExposesReason	passed	s41-p7a	build/s41-p7a/014-ArchiveEditTests.log	0
KaitoFinderTests.ArchiveEditTests	testNewFolderRejectsStaleArchiveBeforePublication	passed	s41-p7a	build/s41-p7a/014-ArchiveEditTests.log	0
KaitoFinderTests.ArchiveEditTests	testNewFolderValidatesNamesAndParentsBeforeOpeningUpdater	passed	s41-p7a	build/s41-p7a/014-ArchiveEditTests.log	0
KaitoFinderTests.ArchiveEditTests	testNoOpEditDoesNotPublishAdvanceGenerationOrAddUndo	passed	s41-p7a	build/s41-p7a/014-ArchiveEditTests.log	0
KaitoFinderTests.ArchiveEditTests	testOtherWriterPathRestrictionsAreValidatedBeforeOpeningUpdater	passed	s41-p7a	build/s41-p7a/014-ArchiveEditTests.log	0
KaitoFinderTests.ArchiveEditTests	testOverlappingDeleteAndRenameRefusesWholeRequest	passed	s41-p7a	build/s41-p7a/014-ArchiveEditTests.log	0
KaitoFinderTests.ArchiveEditTests	testParentComponentIsRefusedBeforeOpeningUpdater	passed	s41-p7a	build/s41-p7a/014-ArchiveEditTests.log	0
KaitoFinderTests.ArchiveEditTests	testPendingDeleteAndRenameRejectAllOtherDocumentMutations	passed	s41-p7a	build/s41-p7a/014-ArchiveEditTests.log	0
KaitoFinderTests.ArchiveEditTests	testPendingRegistryTracksDocumentAppendUntilSuccessOrCancellation	passed	s41-p7a	build/s41-p7a/014-ArchiveEditTests.log	0
KaitoFinderTests.ArchiveEditTests	testPendingRegistryTracksPublicationUntilSuccessOrFailure	passed	s41-p7a	build/s41-p7a/014-ArchiveEditTests.log	0
KaitoFinderTests.ArchiveEditTests	testReadOnlyArchiveRefusesMoveBeforeOpeningUpdater	passed	s41-p7a	build/s41-p7a/014-ArchiveEditTests.log	0
KaitoFinderTests.ArchiveEditTests	testReadOnlyCapabilitiesRefuseDeleteRenameAndMixedEditsBeforeOpeningUpdater	passed	s41-p7a	build/s41-p7a/014-ArchiveEditTests.log	0
KaitoFinderTests.ArchiveEditTests	testRegistryWriteFailureDoesNotPreventPublication	passed	s41-p7a	build/s41-p7a/014-ArchiveEditTests.log	0
KaitoFinderTests.ArchiveEditTests	testRenameUndoAndRedoRestoreFullArchiveSHA256	passed	s41-p7a	build/s41-p7a/014-ArchiveEditTests.log	0
KaitoFinderTests.ArchiveEditTests	testRenamingFileChangesOnlyItsNameAndPreservesCompressedPayload	passed	s41-p7a	build/s41-p7a/014-ArchiveEditTests.log	0
KaitoFinderTests.ArchiveEditTests	testRenamingRealDirectoryRewritesEveryPrefixAndPreservesTrailingSlashes	passed	s41-p7a	build/s41-p7a/014-ArchiveEditTests.log	0
KaitoFinderTests.ArchiveEditTests	testRenamingTwoVirtualFoldersToSameNameRefusesBeforeOpeningUpdater	passed	s41-p7a	build/s41-p7a/014-ArchiveEditTests.log	0
KaitoFinderTests.ArchiveEditTests	testRenamingVirtualFolderRewritesDescendantsWithoutInventingDirectoryRecord	passed	s41-p7a	build/s41-p7a/014-ArchiveEditTests.log	0
KaitoFinderTests.ArchiveEditTests	testStaleFolderSelectionRefusesToLeaveNewChildrenOrphaned	passed	s41-p7a	build/s41-p7a/014-ArchiveEditTests.log	0
KaitoFinderTests.ArchiveEditTests	testTarDocumentMovePublishesIdenticalContentsAndOneMoveUndoRedoStep	passed	s41-p7a	build/s41-p7a/014-ArchiveEditTests.log	0
KaitoFinderTests.ArchiveEditTests	testUpdaterIndexMismatchRefusesDeleteAndRenameWithoutChangingBytes	passed	s41-p7a	build/s41-p7a/014-ArchiveEditTests.log	0
KaitoFinderTests.ArchiveEditTests	testZIPDocumentMovePublishesIdenticalContentsAndOneMoveUndoRedoStep	passed	s41-p7a	build/s41-p7a/014-ArchiveEditTests.log	0
KaitoFinderTests.ArchiveErrorTextTests	testAllErrorTextKeysHaveTwentySixTranslations	passed	s41-p7a	build/s41-p7a/006-ArchiveErrorTextTests.log	0
KaitoFinderTests.ArchiveErrorTextTests	testCancellationAndEveryKaitoErrorInJapanese	passed	s41-p7a	build/s41-p7a/006-ArchiveErrorTextTests.log	0
KaitoFinderTests.ArchiveErrorTextTests	testEnglishRenderingAndCallerPunctuation	passed	s41-p7a	build/s41-p7a/006-ArchiveErrorTextTests.log	0
KaitoFinderTests.ArchiveErrorTextTests	testEveryRewriterErrorInJapanese	passed	s41-p7a	build/s41-p7a/006-ArchiveErrorTextTests.log	0
KaitoFinderTests.ArchiveErrorTextTests	testEveryUpdaterErrorInJapanese	passed	s41-p7a	build/s41-p7a/006-ArchiveErrorTextTests.log	0
KaitoFinderTests.ArchiveErrorTextTests	testEveryWriterErrorInJapanese	passed	s41-p7a	build/s41-p7a/006-ArchiveErrorTextTests.log	0
KaitoFinderTests.ArchiveErrorTextTests	testEveryWriterIOOperationUsesTheSameOutOfSpaceMessage	passed	s41-p7a	build/s41-p7a/006-ArchiveErrorTextTests.log	0
KaitoFinderTests.ArchiveErrorTextTests	testExistingEditAndExtractionDescriptionsArePreserved	passed	s41-p7a	build/s41-p7a/006-ArchiveErrorTextTests.log	0
KaitoFinderTests.ArchiveErrorTextTests	testImmutableArchiveRefusalUsesPermissionMessageAndKeepsTypedCause	passed	s41-p7a	build/s41-p7a/006-ArchiveErrorTextTests.log	0
KaitoFinderTests.ArchiveErrorTextTests	testImportWriterFailuresUseReadableTextInEveryLanguage	passed	s41-p7a	build/s41-p7a/006-ArchiveErrorTextTests.log	0
KaitoFinderTests.ArchiveErrorTextTests	testMalformedArchiveAndCapabilityNoticeDoNotExposeEnumDumps	passed	s41-p7a	build/s41-p7a/006-ArchiveErrorTextTests.log	0
KaitoFinderTests.ArchiveErrorTextTests	testOtherErrorsUseLocalizedDescription	passed	s41-p7a	build/s41-p7a/006-ArchiveErrorTextTests.log	0
KaitoFinderTests.ArchiveErrorTextTests	testOtherWriterIOFailuresKeepTheirCauseWithoutInternalOperations	passed	s41-p7a	build/s41-p7a/006-ArchiveErrorTextTests.log	0
KaitoFinderTests.ArchiveErrorTextTests	testUserFacingCallSitesDoNotDescribeErrorEnumsDirectly	passed	s41-p7a	build/s41-p7a/006-ArchiveErrorTextTests.log	0
KaitoFinderTests.ArchiveErrorTextTests	testWriterPermissionFailuresUsePermissionMessageWithoutInternalOperations	passed	s41-p7a	build/s41-p7a/006-ArchiveErrorTextTests.log	0
KaitoFinderTests.ArchiveImportConflictTests	testArchiveMutationWhileAwaitingDecisionCannotReuseOldConsent	passed	s41-p7a	build/s41-p7a/021-ArchiveImportConflictTests.log	0
KaitoFinderTests.ArchiveImportConflictTests	testCancelAfterAcceptingOneReplacementLeavesWholeBatchAndUndoUntouched	passed	s41-p7a	build/s41-p7a/021-ArchiveImportConflictTests.log	0
KaitoFinderTests.ArchiveImportConflictTests	testCancellationBeforePublicationRestoresOriginalAfterStagedReplacement	passed	s41-p7a	build/s41-p7a/021-ArchiveImportConflictTests.log	0
KaitoFinderTests.ArchiveImportConflictTests	testChangedSourceDuringConfirmationOrCompressionRefusesReplacement	passed	s41-p7a	build/s41-p7a/021-ArchiveImportConflictTests.log	0
KaitoFinderTests.ArchiveImportConflictTests	testEncryptedZIPAndSevenZipKeepProtectionAfterReplacingEveryFile	passed	s41-p7a	build/s41-p7a/021-ArchiveImportConflictTests.log	0
KaitoFinderTests.ArchiveImportConflictTests	testFolderAndTypeConflictsRequireTheirOwnDecisionAndReplaceEntireVirtualSubtree	passed	s41-p7a	build/s41-p7a/021-ArchiveImportConflictTests.log	0
KaitoFinderTests.ArchiveImportConflictTests	testFolderCountsIncludeVirtualParentsAndDeduplicateEquivalentPaths	passed	s41-p7a	build/s41-p7a/021-ArchiveImportConflictTests.log	0
KaitoFinderTests.ArchiveImportConflictTests	testReplaceAcrossEveryWritableFormatComparesMetadataAndPreservesOtherFiles	passed	s41-p7a	build/s41-p7a/021-ArchiveImportConflictTests.log	0
KaitoFinderTests.ArchiveImportConflictTests	testReplacementRequiresMatchingUpdaterEntriesBeforeRemovingAnything	passed	s41-p7a	build/s41-p7a/021-ArchiveImportConflictTests.log	0
KaitoFinderTests.ArchiveImportConflictTests	testReplacementResolvesLeadingDotAndCanonicalEquivalentArchiveNames	passed	s41-p7a	build/s41-p7a/021-ArchiveImportConflictTests.log	0
KaitoFinderTests.ArchiveImportConflictTests	testSameBatchUnicodeEquivalentNamesCompareBothSourcesAndKeepOneRecord	passed	s41-p7a	build/s41-p7a/021-ArchiveImportConflictTests.log	0
KaitoFinderTests.ArchiveImportConflictTests	testSkippingEveryConflictDoesNotRewriteOrCreateUndo	passed	s41-p7a	build/s41-p7a/021-ArchiveImportConflictTests.log	0
KaitoFinderTests.ArchiveImportConflictTests	testThousandConflictsMixSkipAndReplaceAllAsOneUndoableOperation	passed	s41-p7a	build/s41-p7a/021-ArchiveImportConflictTests.log	0
KaitoFinderTests.ArchiveImportCorrectionTests	testDeferredTarPreservingOwnersUsesOneVerificationOpen	passed	s41-p7a	build/s41-p7a/022-ArchiveImportCorrectionTests.log	0
KaitoFinderTests.ArchiveImportCorrectionTests	testImportUsesSessionSnapshotWithoutAnExtraOpen	passed	s41-p7a	build/s41-p7a/022-ArchiveImportCorrectionTests.log	0
KaitoFinderTests.ArchiveImportCorrectionTests	testImportWithoutSnapshotFailsBeforeOpeningOrChangingArchive	passed	s41-p7a	build/s41-p7a/022-ArchiveImportCorrectionTests.log	0
KaitoFinderTests.ArchiveImportCorrectionTests	testMacBinaryAndUnsupportedLHAAreReadOnlyAndShowTheProbeReason	passed	s41-p7a	build/s41-p7a/022-ArchiveImportCorrectionTests.log	0
KaitoFinderTests.ArchiveImportCorrectionTests	testNonemptyLHADirectoryCannotReachTheEditPath	passed	s41-p7a	build/s41-p7a/022-ArchiveImportCorrectionTests.log	0
KaitoFinderTests.ArchiveImportCorrectionTests	testPlainMacLHAAndEmptyLHADirectoryStillPublish	passed	s41-p7a	build/s41-p7a/022-ArchiveImportCorrectionTests.log	0
KaitoFinderTests.ArchiveImportCorrectionTests	testTarImportAcceptsFilesystemHardLinks	passed	s41-p7a	build/s41-p7a/022-ArchiveImportCorrectionTests.log	0
KaitoFinderTests.ArchiveImportSafetyTests	testAppendPreservesOriginalQuarantineAndCancellationDoesNotPublishNewQuarantine	passed	s41-p7a	build/s41-p7a/026-ArchiveImportSafetyTests-testAppendPreservesOriginalQuarantineAndCancellationDoesNotPublishNewQuarantine.log	0
KaitoFinderTests.ArchiveImportSafetyTests	testAppendPropagatesQuarantineFromNestedFilesAndDirectories	passed	s41-p7a	build/s41-p7a/025-ArchiveImportSafetyTests-testAppendPropagatesQuarantineFromNestedFilesAndDirectories.log	0
KaitoFinderTests.ArchiveImportSafetyTests	testCreationCanSaveANewArchiveInsideItsSourceDirectory	passed	s41-p7a	build/s41-p7a/029-ArchiveImportSafetyTests-testCreationCanSaveANewArchiveInsideItsSourceDirectory.log	0
KaitoFinderTests.ArchiveImportSafetyTests	testCreationCannotReplaceAnImportedDescendantOrItsHardLink	passed	s41-p7a	build/s41-p7a/028-ArchiveImportSafetyTests-testCreationCannotReplaceAnImportedDescendantOrItsHardLink.log	0
KaitoFinderTests.ArchiveImportSafetyTests	testCreationPropagatesQuarantineFromNestedEmptyDirectory	passed	s41-p7a	build/s41-p7a/027-ArchiveImportSafetyTests-testCreationPropagatesQuarantineFromNestedEmptyDirectory.log	0
KaitoFinderTests.ArchiveImportSafetyTests	testImmediateImportCancelledInsideFileStopsWithoutAlert	passed	s41-p7a	build/s41-p7a/023-ArchiveImportSafetyTests-testImmediateImportCancelledInsideFileStopsWithoutAlert.log	0
KaitoFinderTests.ArchiveImportSafetyTests	testNewArchivePanelCancellationStopsSingleFileCompression	interrupted	s41-p7a	build/s41-p7a/024-ArchiveImportSafetyTests-testNewArchivePanelCancellationStopsSingleFileCompression.log	69
KaitoFinderTests.ArchiveSplitVolumeTests	testInspectRefusesByteSplitSevenZipTarTarGzipLHAAndZIP	passed	s41-p7a	build/s41-p7a/016-ArchiveSplitVolumeTests.log	0
KaitoFinderTests.ArchiveSplitVolumeTests	testLoneFirstSevenZipAndTarVolumesRemainEditable	passed	s41-p7a	build/s41-p7a/016-ArchiveSplitVolumeTests.log	0
KaitoFinderTests.ArchiveSplitVolumeTests	testNativeZIPFinalVolumeIsSplitInsteadOfSFXAndKeepsItsFormatName	passed	s41-p7a	build/s41-p7a/016-ArchiveSplitVolumeTests.log	0
KaitoFinderTests.ArchiveSplitVolumeTests	testNativeZIPVolumeNamesAndFinalVolumes	passed	s41-p7a	build/s41-p7a/016-ArchiveSplitVolumeTests.log	0
KaitoFinderTests.ArchiveSplitVolumeTests	testNumberedNamesRequireASCIIDigitsAndHandleArbitraryWidths	passed	s41-p7a	build/s41-p7a/016-ArchiveSplitVolumeTests.log	0
KaitoFinderTests.ArchiveSplitVolumeTests	testNumberedVolumeNames	passed	s41-p7a	build/s41-p7a/016-ArchiveSplitVolumeTests.log	0
KaitoFinderTests.ArchiveSplitVolumeTests	testPublishRechecksImmediatelyBeforeRenameOnEveryEditingPath	passed	s41-p7a	build/s41-p7a/016-ArchiveSplitVolumeTests.log	0
KaitoFinderTests.ArchiveSplitVolumeTests	testPublishStartRefusesSiblingAddedAfterOpenAndNotifiesObserver	passed	s41-p7a	build/s41-p7a/016-ArchiveSplitVolumeTests.log	0
KaitoFinderTests.ArchiveSplitVolumeTests	testSiblingExistenceUsesLstatForAnyFileTypeWithoutFollowingSymlinks	passed	s41-p7a	build/s41-p7a/016-ArchiveSplitVolumeTests.log	0
KaitoFinderTests.ArchiveSplitVolumeTests	testSplitReasonHasTwentySixTranslationsWithMatchingPunctuation	passed	s41-p7a	build/s41-p7a/016-ArchiveSplitVolumeTests.log	0
KaitoFinderTests.ArchiveSplitVolumeTests	testSplitRefusalPrecedesEncryptionAndZIPGatekeepers	passed	s41-p7a	build/s41-p7a/016-ArchiveSplitVolumeTests.log	0
KaitoFinderTests.ArchiveSplitVolumeTests	testSplitRefusalPrecedesFormatPermissionAndInvalidContents	passed	s41-p7a	build/s41-p7a/016-ArchiveSplitVolumeTests.log	0
KaitoFinderTests.ArchiveSplitVolumeTests	testSplitSevenZipSessionRefusesEveryEditWithoutChangingAnyVolume	passed	s41-p7a	build/s41-p7a/016-ArchiveSplitVolumeTests.log	0
KaitoFinderTests.ArchiveSplitVolumeTests	testStandaloneTarSecondVolumeStartingAtAHeaderIsReadOnly	passed	s41-p7a	build/s41-p7a/016-ArchiveSplitVolumeTests.log	0
KaitoFinderTests.ArchiveSplitVolumeTests	testTemporaryCopyRefusalStillWinsOverSplitArchive	passed	s41-p7a	build/s41-p7a/016-ArchiveSplitVolumeTests.log	0
KaitoFinderTests.ArchiveSplitVolumeTests	testUndoRefusesNewSplitSiblingWithoutSwappingOrConsumingTheSlot	passed	s41-p7a	build/s41-p7a/016-ArchiveSplitVolumeTests.log	0
KaitoFinderTests.ArchiveWriteProgressTests	testCancellationResetAndNonthrowingPublication	passed	s41-p7a	build/s41-p7a/005-ArchiveWriteProgressTests.log	0
KaitoFinderTests.ArchiveWriteProgressTests	testCarriedItemsAndHookCanReenterLedgerRead	passed	s41-p7a	build/s41-p7a/005-ArchiveWriteProgressTests.log	0
KaitoFinderTests.ArchiveWriteProgressTests	testEmptyAdditionsHaveNoDrainAndChangingTotalsNeverRegress	passed	s41-p7a	build/s41-p7a/005-ArchiveWriteProgressTests.log	0
KaitoFinderTests.ArchiveWriteProgressTests	testEveryBudgetRowAndFinalPublicationUnit	passed	s41-p7a	build/s41-p7a/005-ArchiveWriteProgressTests.log	0
KaitoFinderTests.ArchiveWriteProgressTests	testOverflowingMetadataBudgetsRemainRepresentable	passed	s41-p7a	build/s41-p7a/005-ArchiveWriteProgressTests.log	0
KaitoFinderTests.ArchiveWriteProgressTests	testSlotTransitionFillsRemainderAndZeroTotalFillsBudget	passed	s41-p7a	build/s41-p7a/005-ArchiveWriteProgressTests.log	0
KaitoFinderTests.ArchiveWriteProgressTests	testSmallItemsDoNotIssueDuplicateProgressUpdates	passed	s41-p7a	build/s41-p7a/005-ArchiveWriteProgressTests.log	0
KaitoFinderTests.BatchImportCompatibilityTests	testExportWhenEnabled	passed	s41-p7a	build/s41-p7a/072-BatchImportCompatibilityTests-testExportWhenEnabled.log	0
KaitoFinderTests.BatchImportTests	testDidProcessBatchErrorIsNotAttributedToTheCurrentImport	passed	s41-p7a	build/s41-p7a/018-BatchImportTests.log	0
KaitoFinderTests.BatchImportTests	testDidProcessErrorRetainsIdentityAndPreventsPublication	passed	s41-p7a	build/s41-p7a/018-BatchImportTests.log	0
KaitoFinderTests.BatchImportTests	testErrorTextFallbackUsesBatchPathAndRequestedLocalization	passed	s41-p7a	build/s41-p7a/018-BatchImportTests.log	0
KaitoFinderTests.BatchImportTests	testProgressOnlyCancellationPreventsNextImportAndCreationHook	passed	s41-p7a	build/s41-p7a/018-BatchImportTests.log	0
KaitoFinderTests.BatchImportTests	testProgressOnlyCancellationStopsAtNextReplayWillStart	passed	s41-p7a	build/s41-p7a/018-BatchImportTests.log	0
KaitoFinderTests.BatchImportTests	testReplacedStagingCopyKeepsReplayErrorUnwrapped	passed	s41-p7a	build/s41-p7a/018-BatchImportTests.log	0
KaitoFinderTests.BatchImportTests	testReplayUnwrapsBatchFailureAndKeepsLedgerFreeItemCounts	passed	s41-p7a	build/s41-p7a/018-BatchImportTests.log	0
KaitoFinderTests.BatchImportTests	testThirdUnreadableCreationUsesItsPathAndPreservesDestination	passed	s41-p7a	build/s41-p7a/018-BatchImportTests.log	0
KaitoFinderTests.BatchImportTests	testThirdUnreadableImportUsesItsArchivePathAndPreservesOriginal	passed	s41-p7a	build/s41-p7a/018-BatchImportTests.log	0
KaitoFinderTests.BatchImportTests	testThousandthCompletionCancellationJoinsReadersAndPreservesOriginal	passed	s41-p7a	build/s41-p7a/018-BatchImportTests.log	0
KaitoFinderTests.ByteProgressIntegrationTests	testCancellationAfterRenameStillCompletesLedgerAndOperation	passed	s41-p7a	build/s41-p7a/011-ByteProgressIntegrationTests.log	0
KaitoFinderTests.ByteProgressIntegrationTests	testCancellationInEveryPhasePreservesOriginalAndUndo	passed	s41-p7a	build/s41-p7a/011-ByteProgressIntegrationTests.log	0
KaitoFinderTests.ByteProgressIntegrationTests	testConversionReplayOffsetsAdditionsAndOmitsRootFromItemCount	passed	s41-p7a	build/s41-p7a/011-ByteProgressIntegrationTests.log	0
KaitoFinderTests.ByteProgressIntegrationTests	testCreationAndUnchangedConversionCountOutputItems	passed	s41-p7a	build/s41-p7a/011-ByteProgressIntegrationTests.log	0
KaitoFinderTests.ByteProgressIntegrationTests	testCreationCancellationRemovesTemporaryOutput	passed	s41-p7a	build/s41-p7a/011-ByteProgressIntegrationTests.log	0
KaitoFinderTests.ByteProgressIntegrationTests	testDeferredSaveCountsTwoAdditionsRenameAndFolder	passed	s41-p7a	build/s41-p7a/011-ByteProgressIntegrationTests.log	0
KaitoFinderTests.ByteProgressIntegrationTests	testImportPlanCountsOnlyRegularFileContents	passed	s41-p7a	build/s41-p7a/011-ByteProgressIntegrationTests.log	0
KaitoFinderTests.ByteProgressIntegrationTests	testLargeDeleteAndFolderMoveHaveByteCommitProgress	passed	s41-p7a	build/s41-p7a/011-ByteProgressIntegrationTests.log	0
KaitoFinderTests.ByteProgressIntegrationTests	testLargeImmediateAdditionInEveryRequiredUpdater	passed	s41-p7a	build/s41-p7a/011-ByteProgressIntegrationTests.log	0
KaitoFinderTests.ByteProgressIntegrationTests	testRewriteBothPlacementsMapsCarryAndDeferredReads	passed	s41-p7a	build/s41-p7a/011-ByteProgressIntegrationTests.log	0
KaitoFinderTests.CompressionCapabilityTests	testARJCanBePreviewedAndOpened	passed	s41-p7a	build/s41-p7a/017-CompressionCapabilityTests.log	0
KaitoFinderTests.CompressionCapabilityTests	testARJGarbledMethod4AndVolumeContinuationsCannotBePreviewed	passed	s41-p7a	build/s41-p7a/017-CompressionCapabilityTests.log	0
KaitoFinderTests.CompressionCapabilityTests	testARJNoDataEntryRemainsReadable	passed	s41-p7a	build/s41-p7a/017-CompressionCapabilityTests.log	0
KaitoFinderTests.CompressionCapabilityTests	testAppleSingleCanBePreviewedAndOpened	passed	s41-p7a	build/s41-p7a/017-CompressionCapabilityTests.log	0
KaitoFinderTests.CompressionCapabilityTests	testBinHexCanBePreviewedAndOpened	passed	s41-p7a	build/s41-p7a/017-CompressionCapabilityTests.log	0
KaitoFinderTests.CompressionCapabilityTests	testBrotliCanBePreviewedAndOpened	passed	s41-p7a	build/s41-p7a/017-CompressionCapabilityTests.log	0
KaitoFinderTests.CompressionCapabilityTests	testCHMCanBePreviewedAndOpened	passed	s41-p7a	build/s41-p7a/017-CompressionCapabilityTests.log	0
KaitoFinderTests.CompressionCapabilityTests	testCHMUnknownSectionCannotBePreviewed	passed	s41-p7a	build/s41-p7a/017-CompressionCapabilityTests.log	0
KaitoFinderTests.CompressionCapabilityTests	testCompoundFileCanBePreviewedAndOpened	passed	s41-p7a	build/s41-p7a/017-CompressionCapabilityTests.log	0
KaitoFinderTests.CompressionCapabilityTests	testDMGCanBePreviewedAndOpened	passed	s41-p7a	build/s41-p7a/017-CompressionCapabilityTests.log	0
KaitoFinderTests.CompressionCapabilityTests	testDMGDecmpfsFileCanBePreviewedAndOpened	passed	s41-p7a	build/s41-p7a/017-CompressionCapabilityTests.log	0
KaitoFinderTests.CompressionCapabilityTests	testDMGDecmpfsTypesMatchReadCapability	passed	s41-p7a	build/s41-p7a/017-CompressionCapabilityTests.log	0
KaitoFinderTests.CompressionCapabilityTests	testDMGDecmpfsUnknownOrMissingTypesCannotBePreviewed	passed	s41-p7a	build/s41-p7a/017-CompressionCapabilityTests.log	0
KaitoFinderTests.CompressionCapabilityTests	testEncryptedXZAndLegacyZstandardZIPCanBePreviewedAfterUnlocking	passed	s41-p7a	build/s41-p7a/017-CompressionCapabilityTests.log	0
KaitoFinderTests.CompressionCapabilityTests	testFinderZIPExposesSidecarsAndDeletesOnlyTheSelectedEntry	passed	s41-p7a	build/s41-p7a/017-CompressionCapabilityTests.log	0
KaitoFinderTests.CompressionCapabilityTests	testISOZisofs2AndMultiExtentCannotBePreviewed	passed	s41-p7a	build/s41-p7a/017-CompressionCapabilityTests.log	0
KaitoFinderTests.CompressionCapabilityTests	testISOZisofsRemainsPreviewable	passed	s41-p7a	build/s41-p7a/017-CompressionCapabilityTests.log	0
KaitoFinderTests.CompressionCapabilityTests	testLZ4SingleFileAndCompressedTarCanBePreviewedAndOpened	passed	s41-p7a	build/s41-p7a/017-CompressionCapabilityTests.log	0
KaitoFinderTests.CompressionCapabilityTests	testLZ4TarWithLeadingSkippableFrameRemainsReadOnlyAndConvertsItsWholeSuffix	passed	s41-p7a	build/s41-p7a/017-CompressionCapabilityTests.log	0
KaitoFinderTests.CompressionCapabilityTests	testLZMATarWithNondefaultPropertiesCannotBeRewrittenAsPlainTar	passed	s41-p7a	build/s41-p7a/017-CompressionCapabilityTests.log	0
KaitoFinderTests.CompressionCapabilityTests	testLZXCabinetCanBePreviewedAndOpened	passed	s41-p7a	build/s41-p7a/017-CompressionCapabilityTests.log	0
KaitoFinderTests.CompressionCapabilityTests	testLegacyLZ4SingleFileAndCompressedTarCanBePreviewedAndOpened	passed	s41-p7a	build/s41-p7a/017-CompressionCapabilityTests.log	0
KaitoFinderTests.CompressionCapabilityTests	testLegacyZIPMethodsCanBePreviewedAndOpened	passed	s41-p7a	build/s41-p7a/017-CompressionCapabilityTests.log	0
KaitoFinderTests.CompressionCapabilityTests	testLegacyZstandardZIPCanBePreviewedAndOpened	passed	s41-p7a	build/s41-p7a/017-CompressionCapabilityTests.log	0
KaitoFinderTests.CompressionCapabilityTests	testLzipAndBrotliTarCanBePreviewedButRemainReadOnly	passed	s41-p7a	build/s41-p7a/017-CompressionCapabilityTests.log	0
KaitoFinderTests.CompressionCapabilityTests	testLzipCanBePreviewedAndOpened	passed	s41-p7a	build/s41-p7a/017-CompressionCapabilityTests.log	0
KaitoFinderTests.CompressionCapabilityTests	testMacBinaryCanBePreviewedAndOpened	passed	s41-p7a	build/s41-p7a/017-CompressionCapabilityTests.log	0
KaitoFinderTests.CompressionCapabilityTests	testModernZIPDocumentBatchEditsAndUndoPreserveArchiveBytes	passed	s41-p7a	build/s41-p7a/017-CompressionCapabilityTests.log	0
KaitoFinderTests.CompressionCapabilityTests	testNonGNUAndStarSolarisSparseTarFailBeforePublishingAListing	passed	s41-p7a	build/s41-p7a/017-CompressionCapabilityTests.log	0
KaitoFinderTests.CompressionCapabilityTests	testOldGNUSparseTarListsAndReadsZeroFilledHoles	passed	s41-p7a	build/s41-p7a/017-CompressionCapabilityTests.log	0
KaitoFinderTests.CompressionCapabilityTests	testPPMdZIPCanBePreviewedAndOpened	passed	s41-p7a	build/s41-p7a/017-CompressionCapabilityTests.log	0
KaitoFinderTests.CompressionCapabilityTests	testPbzxCanBePreviewedAndOpened	passed	s41-p7a	build/s41-p7a/017-CompressionCapabilityTests.log	0
KaitoFinderTests.CompressionCapabilityTests	testPlainTarMemberNameDoesNotMasqueradeAsBzip2Header	passed	s41-p7a	build/s41-p7a/017-CompressionCapabilityTests.log	0
KaitoFinderTests.CompressionCapabilityTests	testSwapFilteredSevenZipBatchAppendAndUndoPreserveContentsAndEncryption	passed	s41-p7a	build/s41-p7a/017-CompressionCapabilityTests.log	0
KaitoFinderTests.CompressionCapabilityTests	testSwapFilteredSolidSevenZipCanBePreviewedAndOpened	passed	s41-p7a	build/s41-p7a/017-CompressionCapabilityTests.log	0
KaitoFinderTests.CompressionCapabilityTests	testUDFCanBePreviewedAndOpened	passed	s41-p7a	build/s41-p7a/017-CompressionCapabilityTests.log	0
KaitoFinderTests.CompressionCapabilityTests	testUDFExtendedAllocationCannotBePreviewed	passed	s41-p7a	build/s41-p7a/017-CompressionCapabilityTests.log	0
KaitoFinderTests.CompressionCapabilityTests	testWIMCanBePreviewedAndOpened	passed	s41-p7a	build/s41-p7a/017-CompressionCapabilityTests.log	0
KaitoFinderTests.CompressionCapabilityTests	testWIMSolidAndDMGADCFailBeforePublishingAListing	passed	s41-p7a	build/s41-p7a/017-CompressionCapabilityTests.log	0
KaitoFinderTests.CompressionCapabilityTests	testWIMUnavailableResourcesAndEFSFilesCannotBePreviewed	passed	s41-p7a	build/s41-p7a/017-CompressionCapabilityTests.log	0
KaitoFinderTests.CompressionCapabilityTests	testXZZIPCanBePreviewedAndOpened	passed	s41-p7a	build/s41-p7a/017-CompressionCapabilityTests.log	0
KaitoFinderTests.CompressionCapabilityTests	testZIPTokenizeRemainsUnsupported	passed	s41-p7a	build/s41-p7a/017-CompressionCapabilityTests.log	0
KaitoFinderTests.CompressionCapabilityTests	testZstandardSevenZipCanBePreviewedAndOpened	passed	s41-p7a	build/s41-p7a/017-CompressionCapabilityTests.log	0
KaitoFinderTests.CompressionCapabilityTests	testZstandardTarWithLeadingSkippableFrameCannotBeRewrittenAsPlainTar	passed	s41-p7a	build/s41-p7a/017-CompressionCapabilityTests.log	0
KaitoFinderTests.CompressionCapabilityTests	testZstandardZIPCanBePreviewedAndOpened	passed	s41-p7a	build/s41-p7a/017-CompressionCapabilityTests.log	0
KaitoFinderTests.DeferredSaveAttributeTests	testDeferredDirectoryDatesAndCarriedOwnersWithKeepAndReset	passed	s41-p7a	build/s41-p7a/015-DeferredSaveAttributeTests.log	69
KaitoFinderTests.DeferredSaveAttributeTests	testDeferredTarAdditionUsesOriginalSourceOwnersInsteadOfStagingOwners	passed	s41-p7a	build/s41-p7a/015-DeferredSaveAttributeTests.log	69
KaitoFinderTests.DeferredSaveAttributeTests	testDeferredTarPreservesSourceOwnerIDsThroughSaveAndSaveAs	interrupted	s41-p7a	build/s41-p7a/015-DeferredSaveAttributeTests.log	69
KaitoFinderTests.DeferredSaveAttributeTests	testPendingAndSavedDirectoryFileDatesModesAndXattrsMatchInEveryFormat	passed	s41-p7a	build/s41-p7a/031-DeferredSaveAttributeTests-testPendingAndSavedDirectoryFileDatesModesAndXattrsMatchInEveryFormat.log	0
KaitoFinderTests.DeferredSaveAttributeTests	testReplayPassesSourceOwnersAndReservedDirectoryDatesWithoutTemporaryDirectories	passed	s41-p7a	build/s41-p7a/030-DeferredSaveAttributeTests-testReplayPassesSourceOwnersAndReservedDirectoryDatesWithoutTemporaryDirectories.log	0
KaitoFinderTests.DeferredSaveAttributeTests	testTarOwnerCarrierPreservesLargeIDsAndPAXPaths	passed	s41-p7a	build/s41-p7a/032-DeferredSaveAttributeTests-testTarOwnerCarrierPreservesLargeIDsAndPAXPaths.log	0
KaitoFinderTests.DeferredSaveDocumentTests	testAddThenDeleteSavesWithoutPublishingOrChangingMtime	passed	s41-p7a	build/s41-p7a/041-DeferredSaveDocumentTests-testAddThenDeleteSavesWithoutPublishingOrChangingMtime.log	0
KaitoFinderTests.DeferredSaveDocumentTests	testAllSingleFileFormatsReserveUndoRedoAndPublishOnce	passed	s41-p7a	build/s41-p7a/038-DeferredSaveDocumentTests-testAllSingleFileFormatsReserveUndoRedoAndPublishOnce.log	0
KaitoFinderTests.DeferredSaveDocumentTests	testCancelledSaveKeepsReservationsAndStaging	passed	s41-p7a	build/s41-p7a/048-DeferredSaveDocumentTests-testCancelledSaveKeepsReservationsAndStaging.log	0
KaitoFinderTests.DeferredSaveDocumentTests	testCloseWithoutSavingIsIdempotentAndCleanupOutlivesDocumentList	passed	s41-p7a	build/s41-p7a/044-DeferredSaveDocumentTests-testCloseWithoutSavingIsIdempotentAndCleanupOutlivesDocumentList.log	0
KaitoFinderTests.DeferredSaveDocumentTests	testDeferredEncryptionFallbackResetsReplayAndCommitProgress	passed	s41-p7a	build/s41-p7a/034-DeferredSaveDocumentTests-testDeferredEncryptionFallbackResetsReplayAndCommitProgress.log	0
KaitoFinderTests.DeferredSaveDocumentTests	testDeferredFolderEnumerationExcludesApplicationWorkNames	passed	s41-p7a	build/s41-p7a/052-DeferredSaveDocumentTests-testDeferredFolderEnumerationExcludesApplicationWorkNames.log	0
KaitoFinderTests.DeferredSaveDocumentTests	testDeferredSaveAsCallerCancellationReachesUnstructuredTask	interrupted	s41-p7a	build/s41-p7a/035-DeferredSaveDocumentTests-testDeferredSaveAsCallerCancellationReachesUnstructuredTask.log	69
KaitoFinderTests.DeferredSaveDocumentTests	testDeferredSaveAsSheetCancellationReachesWritingTask	interrupted	s41-p7a	build/s41-p7a/036-DeferredSaveDocumentTests-testDeferredSaveAsSheetCancellationReachesWritingTask.log	69
KaitoFinderTests.DeferredSaveDocumentTests	testExternalChangeSaveFailsAndRevertReloads	passed	s41-p7a	build/s41-p7a/043-DeferredSaveDocumentTests-testExternalChangeSaveFailsAndRevertReloads.log	0
KaitoFinderTests.DeferredSaveDocumentTests	testLateEditWaitsForSaveAndRemainsPendingAndDirty	passed	s41-p7a	build/s41-p7a/047-DeferredSaveDocumentTests-testLateEditWaitsForSaveAndRemainsPendingAndDirty.log	0
KaitoFinderTests.DeferredSaveDocumentTests	testPasswordAdoptsNewKeyOnlyAfterSave	passed	s41-p7a	build/s41-p7a/046-DeferredSaveDocumentTests-testPasswordAdoptsNewKeyOnlyAfterSave.log	0
KaitoFinderTests.DeferredSaveDocumentTests	testPendingReplacementUsesStagedConflictSourceAndParentRemovalDropsAddition	passed	s41-p7a	build/s41-p7a/045-DeferredSaveDocumentTests-testPendingReplacementUsesStagedConflictSourceAndParentRemovalDropsAddition.log	0
KaitoFinderTests.DeferredSaveDocumentTests	testPreferenceIsImmediateByDefaultAndCapturedOnce	passed	s41-p7a	build/s41-p7a/037-DeferredSaveDocumentTests-testPreferenceIsImmediateByDefaultAndCapturedOnce.log	0
KaitoFinderTests.DeferredSaveDocumentTests	testRevertDropsStagingAndUndoWithoutReopeningUnchangedReader	passed	s41-p7a	build/s41-p7a/042-DeferredSaveDocumentTests-testRevertDropsStagingAndUndoWithoutReopeningUnchangedReader.log	0
KaitoFinderTests.DeferredSaveDocumentTests	testSaveAsReplaysPendingPathsAndSwitchesWithoutChangingOriginal	interrupted	s41-p7a	build/s41-p7a/049-DeferredSaveDocumentTests-testSaveAsReplaysPendingPathsAndSwitchesWithoutChangingOriginal.log	69
KaitoFinderTests.DeferredSaveDocumentTests	testSplitReservationsLeaveEveryVolumeUnchangedUntilSave	passed	s41-p7a	build/s41-p7a/051-DeferredSaveDocumentTests-testSplitReservationsLeaveEveryVolumeUnchangedUntilSave.log	0
KaitoFinderTests.DeferredSaveDocumentTests	testSwapReservationsAreFoldedFromBaseIndices	passed	s41-p7a	build/s41-p7a/040-DeferredSaveDocumentTests-testSwapReservationsAreFoldedFromBaseIndices.log	0
KaitoFinderTests.DeferredSaveDocumentTests	testTwoSavesSynchronizeModificationDateAndToken	passed	s41-p7a	build/s41-p7a/039-DeferredSaveDocumentTests-testTwoSavesSynchronizeModificationDateAndToken.log	0
KaitoFinderTests.DeferredSaveDocumentTests	testUnchangedBaseCopyUsesExistingExtractionThenStagesBeforeTemporaryInputDisappears	passed	s41-p7a	build/s41-p7a/050-DeferredSaveDocumentTests-testUnchangedBaseCopyUsesExistingExtractionThenStagesBeforeTemporaryInputDisappears.log	0
KaitoFinderTests.DeferredSaveDocumentTests	testZIPMixedEncryptionSaveUsesStagedRebuildAndKeepsReaderAdoption	passed	s41-p7a	build/s41-p7a/033-DeferredSaveDocumentTests-testZIPMixedEncryptionSaveUsesStagedRebuildAndKeepsReaderAdoption.log	0
KaitoFinderTests.DeferredSavePlanEquivalenceTests	testCachedAndUncachedValidationHaveIdenticalErrors	passed	s41-p7a	build/s41-p7a/003-DeferredSavePlanEquivalenceTests.log	0
KaitoFinderTests.DeferredSavePlanEquivalenceTests	testGeneratedPlansMatchReferenceIncludingInvalidAndConflictingNames	passed	s41-p7a	build/s41-p7a/003-DeferredSavePlanEquivalenceTests.log	0
KaitoFinderTests.DeferredSavePlanEquivalenceTests	testHardLinkTargetsAndChainsMatchReference	passed	s41-p7a	build/s41-p7a/003-DeferredSavePlanEquivalenceTests.log	0
KaitoFinderTests.DeferredSavePlanEquivalenceTests	testKeyCountsAreBoundedByEntriesAndChanges	passed	s41-p7a	build/s41-p7a/003-DeferredSavePlanEquivalenceTests.log	0
KaitoFinderTests.DeferredSavePlanEquivalenceTests	testRepresentabilityFastPathPreservesHardLinkIndexSemantics	passed	s41-p7a	build/s41-p7a/003-DeferredSavePlanEquivalenceTests.log	0
KaitoFinderTests.DeferredSplitSaveTests	testCommittedCleanupWarningIsSuccessAndHeldVerificationKeepsPending	failed	s41-p7a	build/s41-p7a/066-DeferredSplitSaveTests-testCommittedCleanupWarningIsSuccessAndHeldVerificationKeepsPending.log	1
KaitoFinderTests.DeferredSplitSaveTests	testCoordinationTimeoutUsesDocumentPresenterAndNeverEntersS5	passed	s41-p7a	build/s41-p7a/062-DeferredSplitSaveTests-testCoordinationTimeoutUsesDocumentPresenterAndNeverEntersS5.log	0
KaitoFinderTests.DeferredSplitSaveTests	testCrashS7MemberOpenOffersRecoveryBeforeMissingGateNormalization	interrupted	s41-p7a	build/s41-p7a/067-DeferredSplitSaveTests-testCrashS7MemberOpenOffersRecoveryBeforeMissingGateNormalization.log	-10
KaitoFinderTests.DeferredSplitSaveTests	testEncryptedSplitRequiresPasswordBeforeReservations	passed	s41-p7a	build/s41-p7a/065-DeferredSplitSaveTests-testEncryptedSplitRequiresPasswordBeforeReservations.log	0
KaitoFinderTests.DeferredSplitSaveTests	testEveryWritableNumberedFormatReplaysOnceAndSecondSaveDoesNothing	failed	s41-p7a	build/s41-p7a/057-DeferredSplitSaveTests-testEveryWritableNumberedFormatReplaysOnceAndSecondSaveDoesNothing.log	1
KaitoFinderTests.DeferredSplitSaveTests	testExternalThirdVolumeChangeAfterReservationRefusesSave	passed	s41-p7a	build/s41-p7a/063-DeferredSplitSaveTests-testExternalThirdVolumeChangeAfterReservationRefusesSave.log	0
KaitoFinderTests.DeferredSplitSaveTests	testFAT32ConsentLeavesNoAppleDoubleAndOneVolumeReopensWithSchedule	skipped	s41-p7a	build/s41-p7a/071-DeferredSplitSaveTests-testFAT32ConsentLeavesNoAppleDoubleAndOneVolumeReopensWithSchedule.log	0
KaitoFinderTests.DeferredSplitSaveTests	testGrowAndShrinkUseWrittenLengthWithoutStaleTails	failed	s41-p7a	build/s41-p7a/058-DeferredSplitSaveTests-testGrowAndShrinkUseWrittenLengthWithoutStaleTails.log	1
KaitoFinderTests.DeferredSplitSaveTests	testHazardConsentBeforeOneBeginAndOncePerDocument	failed	s41-p7a	build/s41-p7a/061-DeferredSplitSaveTests-testHazardConsentBeforeOneBeginAndOncePerDocument.log	1
KaitoFinderTests.DeferredSplitSaveTests	testMixedNativeXattrsRefuseEditingButRemainReadable	failed	s41-p7a	build/s41-p7a/068-DeferredSplitSaveTests-testMixedNativeXattrsRefuseEditingButRemainReadable.log	1
KaitoFinderTests.DeferredSplitSaveTests	testOneVolumeReopenRestoresScheduleAndSplitsAgain	failed	s41-p7a	build/s41-p7a/059-DeferredSplitSaveTests-testOneVolumeReopenRestoresScheduleAndSplitsAgain.log	1
KaitoFinderTests.DeferredSplitSaveTests	testPendingExtractionUsesAssembledSetAndStagedAddition	passed	s41-p7a	build/s41-p7a/069-DeferredSplitSaveTests-testPendingExtractionUsesAssembledSetAndStagedAddition.log	0
KaitoFinderTests.DeferredSplitSaveTests	testProvenRollbackKeepsPendingAndCanRetryWithoutReopening	failed	s41-p7a	build/s41-p7a/064-DeferredSplitSaveTests-testProvenRollbackKeepsPendingAndCanRetryWithoutReopening.log	1
KaitoFinderTests.DeferredSplitSaveTests	testSplitPasswordVerificationRejectsOnePlainFile	passed	s41-p7a	build/s41-p7a/055-DeferredSplitSaveTests-testSplitPasswordVerificationRejectsOnePlainFile.log	0
KaitoFinderTests.DeferredSplitSaveTests	testSplitReencryptionFailureKeepsOriginalCapabilityAndPendingChanges	passed	s41-p7a	build/s41-p7a/054-DeferredSplitSaveTests-testSplitReencryptionFailureKeepsOriginalCapabilityAndPendingChanges.log	0
KaitoFinderTests.DeferredSplitSaveTests	testUnevenChooserAllOptionsAreRememberedAndCancelKeepsPending	failed	s41-p7a	build/s41-p7a/060-DeferredSplitSaveTests-testUnevenChooserAllOptionsAreRememberedAndCancelKeepsPending.log	1
KaitoFinderTests.DeferredSplitSaveTests	testZIPGatekeeperFallsBackToRewriterAndReportsNotice	failed	s41-p7a	build/s41-p7a/070-DeferredSplitSaveTests-testZIPGatekeeperFallsBackToRewriterAndReportsNotice.log	1
KaitoFinderTests.DeferredSplitSaveTests	testZIPPasswordMixedSavesUseUpdaterAndOnlyNonRelocatableFallsBack	passed	s41-p7a	build/s41-p7a/053-DeferredSplitSaveTests-testZIPPasswordMixedSavesUseUpdaterAndOnlyNonRelocatableFallsBack.log	0
KaitoFinderTests.DeferredSplitSaveTests	testZIPPasswordWorkProducerProgressFallbackAndRealFailures	passed	s41-p7a	build/s41-p7a/056-DeferredSplitSaveTests-testZIPPasswordWorkProducerProgressFallbackAndRealFailures.log	0
KaitoFinderTests.DragInTests	testAppendDirectoryPreservesSubtreeAndEmptyDirectoryUnderVirtualFolder	passed	s41-p7a	build/s41-p7a/020-DragInTests.log	0
KaitoFinderTests.DragInTests	testAppendFilePreservesExistingBytesAndPassesUnzip	passed	s41-p7a	build/s41-p7a/020-DragInTests.log	0
KaitoFinderTests.DragInTests	testAppendFreshOpenSeesNewInodeAndOldPromiseResolvesByPath	passed	s41-p7a	build/s41-p7a/020-DragInTests.log	0
KaitoFinderTests.DragInTests	testAppendPreservesArchiveQuarantinePermissionsAndExtendedAttributes	passed	s41-p7a	build/s41-p7a/020-DragInTests.log	0
KaitoFinderTests.DragInTests	testCancellationAfterStagedCommitStillLeavesOriginalUntouched	passed	s41-p7a	build/s41-p7a/020-DragInTests.log	0
KaitoFinderTests.DragInTests	testCancellationPartwayPreservesOriginalBytesAndGeneration	passed	s41-p7a	build/s41-p7a/020-DragInTests.log	0
KaitoFinderTests.DragInTests	testCollisionRefusesWholeDropAndReportsEveryConflictingItem	passed	s41-p7a	build/s41-p7a/020-DragInTests.log	0
KaitoFinderTests.DragInTests	testDirectorySymlinkIsStoredWithoutFollowingItsSubtree	passed	s41-p7a	build/s41-p7a/020-DragInTests.log	0
KaitoFinderTests.DragInTests	testDocumentAppendInvalidatesMaterializationCache	passed	s41-p7a	build/s41-p7a/020-DragInTests.log	0
KaitoFinderTests.DragInTests	testDropRequiresCopyFilesAndIdleArchive	passed	s41-p7a	build/s41-p7a/020-DragInTests.log	0
KaitoFinderTests.DragInTests	testDropTargetFolderFileEmptyAndVirtualRows	passed	s41-p7a	build/s41-p7a/020-DragInTests.log	0
KaitoFinderTests.DragInTests	testEveryReadOnlyRefusalOffersConversionForFileDrops	passed	s41-p7a	build/s41-p7a/020-DragInTests.log	0
KaitoFinderTests.DragInTests	testFailureAfterFirstItemLeavesOriginalUntouched	passed	s41-p7a	build/s41-p7a/020-DragInTests.log	0
KaitoFinderTests.DragInTests	testFailureAfterStagedCommitStillLeavesOriginalUntouched	passed	s41-p7a	build/s41-p7a/020-DragInTests.log	0
KaitoFinderTests.DragInTests	testLeadingDotExistingEntryCollisionIsRefused	passed	s41-p7a	build/s41-p7a/020-DragInTests.log	0
KaitoFinderTests.DragInTests	testLocalDropOperationCoversMasksParentsSubtreesCapabilitiesAndBusyState	passed	s41-p7a	build/s41-p7a/020-DragInTests.log	0
KaitoFinderTests.DragInTests	testNamedPasteboardFileURLAdapter	skipped	s41-p7a	build/s41-p7a/020-DragInTests.log	0
KaitoFinderTests.DragInTests	testPasteAddsFileURLsToDisplayedFolderWithoutUsingSelection	passed	s41-p7a	build/s41-p7a/020-DragInTests.log	0
KaitoFinderTests.DragInTests	testPasteValidationNeverReadsObjectsAndDropReadsPromiseFirst	passed	s41-p7a	build/s41-p7a/020-DragInTests.log	0
KaitoFinderTests.DragInTests	testPromiseRepresentationTakesPriorityOverFileURL	passed	s41-p7a	build/s41-p7a/020-DragInTests.log	0
KaitoFinderTests.DragInTests	testSFXGatekeeperReasonAtOpen	passed	s41-p7a	build/s41-p7a/020-DragInTests.log	0
KaitoFinderTests.DragInTests	testSameBatchNameCollisionAndUnicodeNormalizationAreRefused	passed	s41-p7a	build/s41-p7a/020-DragInTests.log	0
KaitoFinderTests.DragInTests	testTrailingDataGatekeeperReasonAtOpen	passed	s41-p7a	build/s41-p7a/020-DragInTests.log	0
KaitoFinderTests.DragInTests	testTruncatedCentralDirectoryOffsetGatekeeperReasonAtOpen	passed	s41-p7a	build/s41-p7a/020-DragInTests.log	0
KaitoFinderTests.DragInTests	testUnsafeDestinationAndMissingFolderLeaveArchiveUntouched	passed	s41-p7a	build/s41-p7a/020-DragInTests.log	0
KaitoFinderTests.DragInTests	testUnsupportedTarWrapperAcceptsConversionDropButRefusesAppendWithFormatReason	passed	s41-p7a	build/s41-p7a/020-DragInTests.log	0
KaitoFinderTests.DragInTests	testViewStateRestoresSelectionExpansionAndScrollAnchorByPath	passed	s41-p7a	build/s41-p7a/020-DragInTests.log	0
KaitoFinderTests.NameIndexEquivalenceTests	testAdvanceRejectsOrderKindAndDirtyNamesAndDowngradesUnrepresentableChange	passed	s41-p7a	build/s41-p7a/004-NameIndexEquivalenceTests.log	0
KaitoFinderTests.NameIndexEquivalenceTests	testCachedReplayKeysScaleWithChangesAndMatchReference	passed	s41-p7a	build/s41-p7a/004-NameIndexEquivalenceTests.log	0
KaitoFinderTests.NameIndexEquivalenceTests	testCleanPredicateAndHardLinksRetainMultiplicity	passed	s41-p7a	build/s41-p7a/004-NameIndexEquivalenceTests.log	0
KaitoFinderTests.NameIndexEquivalenceTests	testDeferredCyclesAndFallbackCorpusMatchDisabledIndex	passed	s41-p7a	build/s41-p7a/004-NameIndexEquivalenceTests.log	0
KaitoFinderTests.NameIndexEquivalenceTests	testDeferredSaveReusesProofAndInstallForEveryUpdaterFormat	passed	s41-p7a	build/s41-p7a/004-NameIndexEquivalenceTests.log	0
KaitoFinderTests.NameIndexEquivalenceTests	testDeletionWithoutIndexDoesNotBuildAndBadAdvanceRebuildsOnce	passed	s41-p7a	build/s41-p7a/004-NameIndexEquivalenceTests.log	0
KaitoFinderTests.NameIndexEquivalenceTests	testGenerationProofAndInstallGuards	passed	s41-p7a	build/s41-p7a/004-NameIndexEquivalenceTests.log	0
KaitoFinderTests.NameIndexEquivalenceTests	testImmediateAdvanceAndBuildCountersForZIPAndTar	passed	s41-p7a	build/s41-p7a/004-NameIndexEquivalenceTests.log	0
KaitoFinderTests.NameIndexEquivalenceTests	testImmediateCorpusMatchesDisabledIndexIncludingRejections	passed	s41-p7a	build/s41-p7a/004-NameIndexEquivalenceTests.log	0
KaitoFinderTests.NameIndexEquivalenceTests	testLHAInternalRewriteAndUnspecifiedReloadDiscardIndex	passed	s41-p7a	build/s41-p7a/004-NameIndexEquivalenceTests.log	0
KaitoFinderTests.NameIndexEquivalenceTests	testRewriteFallbackDropsProofBeforeNextEdit	passed	s41-p7a	build/s41-p7a/004-NameIndexEquivalenceTests.log	0
KaitoFinderTests.WordingAcceptanceTests	testAlertNormalizationUsesEachLanguagesPunctuationExactlyOnce	passed	s41-p7a	build/s41-p7a/007-WordingAcceptanceTests.log	1
KaitoFinderTests.WordingAcceptanceTests	testAlertPunctuationInEveryLanguage	passed	s41-p7a	build/s41-p7a/007-WordingAcceptanceTests.log	1
KaitoFinderTests.WordingAcceptanceTests	testBrazilianPortugueseStyle	passed	s41-p7a	build/s41-p7a/007-WordingAcceptanceTests.log	1
KaitoFinderTests.WordingAcceptanceTests	testBuiltAppContainsAllTwentySixLocalizationFoldersAndTranslatedResources	passed	s41-p7a	build/s41-p7a/007-WordingAcceptanceTests.log	1
KaitoFinderTests.WordingAcceptanceTests	testCatalogHasTwentySixNonemptyTranslationsWithMatchingOrderedFormatSpecifiers	passed	s41-p7a	build/s41-p7a/007-WordingAcceptanceTests.log	1
KaitoFinderTests.WordingAcceptanceTests	testColumnAndFolderSortingWordingInAllTwentySixLanguages	passed	s41-p7a	build/s41-p7a/007-WordingAcceptanceTests.log	1
KaitoFinderTests.WordingAcceptanceTests	testCompressionThreadWordingHasAllTwentySixTranslations	passed	s41-p7a	build/s41-p7a/007-WordingAcceptanceTests.log	1
KaitoFinderTests.WordingAcceptanceTests	testCriticalSplitPublicationQuitMessageHasAllTranslations	passed	s41-p7a	build/s41-p7a/007-WordingAcceptanceTests.log	1
KaitoFinderTests.WordingAcceptanceTests	testCzechStyle	passed	s41-p7a	build/s41-p7a/007-WordingAcceptanceTests.log	1
KaitoFinderTests.WordingAcceptanceTests	testDanishStyle	passed	s41-p7a	build/s41-p7a/007-WordingAcceptanceTests.log	1
KaitoFinderTests.WordingAcceptanceTests	testDeferredSaveWordingHasAllTwentySixTranslations	passed	s41-p7a	build/s41-p7a/007-WordingAcceptanceTests.log	1
KaitoFinderTests.WordingAcceptanceTests	testDutchStyle	passed	s41-p7a	build/s41-p7a/007-WordingAcceptanceTests.log	1
KaitoFinderTests.WordingAcceptanceTests	testEditPlacementAndOwnerIDWordingHasAllTwentySixTranslations	passed	s41-p7a	build/s41-p7a/007-WordingAcceptanceTests.log	1
KaitoFinderTests.WordingAcceptanceTests	testEditedOutputVerificationFailureHasAllTranslationsAndKeepsSplitWording	passed	s41-p7a	build/s41-p7a/007-WordingAcceptanceTests.log	1
KaitoFinderTests.WordingAcceptanceTests	testEnglishDevelopmentFallbackKeepsAllTwentySixLocalizations	failed	s41-p7a	build/s41-p7a/007-WordingAcceptanceTests.log	1
KaitoFinderTests.WordingAcceptanceTests	testEnglishStyle	passed	s41-p7a	build/s41-p7a/007-WordingAcceptanceTests.log	1
KaitoFinderTests.WordingAcceptanceTests	testEuropeanPortugueseStyle	passed	s41-p7a	build/s41-p7a/007-WordingAcceptanceTests.log	1
KaitoFinderTests.WordingAcceptanceTests	testEveryLanguageUsesTheSpecifiedItemCountAndCommandEllipsis	passed	s41-p7a	build/s41-p7a/007-WordingAcceptanceTests.log	1
KaitoFinderTests.WordingAcceptanceTests	testFinnishStyle	passed	s41-p7a	build/s41-p7a/007-WordingAcceptanceTests.log	1
KaitoFinderTests.WordingAcceptanceTests	testFirstCompressedTarEditWordingHasAllTwentySixTranslations	passed	s41-p7a	build/s41-p7a/007-WordingAcceptanceTests.log	1
KaitoFinderTests.WordingAcceptanceTests	testFolderNavigationWordingHasAllTwentySixTranslations	passed	s41-p7a	build/s41-p7a/007-WordingAcceptanceTests.log	1
KaitoFinderTests.WordingAcceptanceTests	testFrenchStyle	passed	s41-p7a	build/s41-p7a/007-WordingAcceptanceTests.log	1
KaitoFinderTests.WordingAcceptanceTests	testGermanStyle	passed	s41-p7a	build/s41-p7a/007-WordingAcceptanceTests.log	1
KaitoFinderTests.WordingAcceptanceTests	testGoMenuCatalogAndBuiltTableHaveAllTwentySixTranslations	passed	s41-p7a	build/s41-p7a/007-WordingAcceptanceTests.log	1
KaitoFinderTests.WordingAcceptanceTests	testHindiStyle	passed	s41-p7a	build/s41-p7a/007-WordingAcceptanceTests.log	1
KaitoFinderTests.WordingAcceptanceTests	testImmediateSplitAndSaveAsWordingHasAllTwentySixTranslations	passed	s41-p7a	build/s41-p7a/007-WordingAcceptanceTests.log	1
KaitoFinderTests.WordingAcceptanceTests	testIndonesianStyle	passed	s41-p7a	build/s41-p7a/007-WordingAcceptanceTests.log	1
KaitoFinderTests.WordingAcceptanceTests	testItalianStyle	passed	s41-p7a	build/s41-p7a/007-WordingAcceptanceTests.log	1
KaitoFinderTests.WordingAcceptanceTests	testJapaneseMenuCorrectionsAndNamedProgressTitle	failed	s41-p7a	build/s41-p7a/007-WordingAcceptanceTests.log	1
KaitoFinderTests.WordingAcceptanceTests	testJapaneseStyle	passed	s41-p7a	build/s41-p7a/007-WordingAcceptanceTests.log	1
KaitoFinderTests.WordingAcceptanceTests	testKoreanStyle	passed	s41-p7a	build/s41-p7a/007-WordingAcceptanceTests.log	1
KaitoFinderTests.WordingAcceptanceTests	testListLoadingStatusHasAllTwentySixTranslations	passed	s41-p7a	build/s41-p7a/007-WordingAcceptanceTests.log	1
KaitoFinderTests.WordingAcceptanceTests	testMalayStyle	passed	s41-p7a	build/s41-p7a/007-WordingAcceptanceTests.log	1
KaitoFinderTests.WordingAcceptanceTests	testNorwegianBokmalStyle	passed	s41-p7a	build/s41-p7a/007-WordingAcceptanceTests.log	1
KaitoFinderTests.WordingAcceptanceTests	testPasswordWordingHasTwentySixTranslationsAndRetiresEveryOldRefusalTranslation	passed	s41-p7a	build/s41-p7a/007-WordingAcceptanceTests.log	1
KaitoFinderTests.WordingAcceptanceTests	testPolishStyle	passed	s41-p7a	build/s41-p7a/007-WordingAcceptanceTests.log	1
KaitoFinderTests.WordingAcceptanceTests	testRussianStyle	passed	s41-p7a	build/s41-p7a/007-WordingAcceptanceTests.log	1
KaitoFinderTests.WordingAcceptanceTests	testSearchPendingStatusHasAllTwentySixTranslations	passed	s41-p7a	build/s41-p7a/007-WordingAcceptanceTests.log	1
KaitoFinderTests.WordingAcceptanceTests	testServicesMenusHaveTwentySixLocalizations	passed	s41-p7a	build/s41-p7a/007-WordingAcceptanceTests.log	1
KaitoFinderTests.WordingAcceptanceTests	testSevenZipSolidNoticeHasAllTwentySixTranslations	passed	s41-p7a	build/s41-p7a/007-WordingAcceptanceTests.log	1
KaitoFinderTests.WordingAcceptanceTests	testSimplifiedChineseStyle	passed	s41-p7a	build/s41-p7a/007-WordingAcceptanceTests.log	1
KaitoFinderTests.WordingAcceptanceTests	testSpanishStyle	passed	s41-p7a	build/s41-p7a/007-WordingAcceptanceTests.log	1
KaitoFinderTests.WordingAcceptanceTests	testSplitCorrectionWordingHasAllTwentySixTranslations	passed	s41-p7a	build/s41-p7a/007-WordingAcceptanceTests.log	1
KaitoFinderTests.WordingAcceptanceTests	testSplitSaveWordingHasAllTwentySixTranslations	passed	s41-p7a	build/s41-p7a/007-WordingAcceptanceTests.log	1
KaitoFinderTests.WordingAcceptanceTests	testStandardMenusHaveLocalizedTitlesActionsShortcutsAndApplicationBindings	failed	s41-p7a	build/s41-p7a/007-WordingAcceptanceTests.log	1
KaitoFinderTests.WordingAcceptanceTests	testSwedishStyle	passed	s41-p7a	build/s41-p7a/007-WordingAcceptanceTests.log	1
KaitoFinderTests.WordingAcceptanceTests	testThaiStyle	passed	s41-p7a	build/s41-p7a/007-WordingAcceptanceTests.log	1
KaitoFinderTests.WordingAcceptanceTests	testTraditionalChineseStyle	passed	s41-p7a	build/s41-p7a/007-WordingAcceptanceTests.log	1
KaitoFinderTests.WordingAcceptanceTests	testTurkishStyle	passed	s41-p7a	build/s41-p7a/007-WordingAcceptanceTests.log	1
KaitoFinderTests.WordingAcceptanceTests	testUkrainianStyle	passed	s41-p7a	build/s41-p7a/007-WordingAcceptanceTests.log	1
KaitoFinderTests.WordingAcceptanceTests	testVietnameseStyle	passed	s41-p7a	build/s41-p7a/007-WordingAcceptanceTests.log	1
KaitoFinderTests.WordingAcceptanceTests	testViewOptionsWordingHasAllTwentySixTranslations	passed	s41-p7a	build/s41-p7a/007-WordingAcceptanceTests.log	1
