corpus	S_MiB	xz_T1_wall_s	xz_T0_wall_s	xz_T0_rss_mib	kaitokit_open_plain_ms	kaitokit_open_layout_ms	kaitokit_layout_rss_mib	chunks
headers	2	0.11499999999999999	0.02	73.9	140.496	141.322	51.5	19
headers	4	0.11	0.02	76.9	137.799	136.3715	53.5	10
headers	8	0.1	0.03	76.3	134.07150000000001	133.8715	57.5	6
headers	16	0.1	0.05	60.1	136.52249999999998	130.41500000000002	57.4	4
small	2	1.145	0.1	136.5	1428.0475000000001	1448.021	121.05000000000001	81
small	4	1.03	0.1	210.5	1308.568	1345.7095	122.8	41
small	8	0.935	0.11499999999999999	318.55	1196.5124999999998	1221.521	126.8	21
small	16	0.855	0.11499999999999999	282.5	1133.972	1154.096	128.3	11
text	2	2.23	0.18	122.15	2399.751	2396.5744999999997	76.5	130
text	4	1.9849999999999999	0.17	222.45	2168.4555	2173.248	78.6	66
text	8	1.7850000000000001	0.17	390.5	1985.323	1966.0305	82.5	34
text	16	1.67	0.18	468.5	1860.522	1845.1605	82.3	18
random	2	0.08	0.08	12.4	145.8945	151.15949999999998	74.6	130
random	4	0.08	0.08	18.35	142.7455	151.732	74.6	66
random	8	0.08	0.08	34.349999999999994	143.9435	148.41750000000002	74.5	34
random	16	0.08	0.08	66.4	141.70850000000002	150.891	74.5	18
mixed	2	3.475	0.28500000000000003	179.85	3982.4314999999997	3992.8215	124.4	239
mixed	4	3.1500000000000004	0.26	259.05	3649.203	3638.178	126.45	121
mixed	8	2.83	0.265	440.85	3315.7830000000004	3360.535	130.2	63
mixed	16	2.6500000000000004	0.26	607.25	3141.033	3158.2690000000002	130.2	34
