base	op	S_MiB	runs	median_commit_ms	median_encode_worker_ms	median_k5_ms	median_full_open_ms	strategy	reencoded_image_bytes	reencoded_old_image_bytes	carried_compressed_bytes	carried_chunks	reencoded_chunks	output_bytes
mixed	append	2	2	28.873	0.316	247.910	4507.568	splice(238,2)	14336	0	175120896	238	2	175122688
mixed	append	4	2	27.053	0.276	242.445	3841.309	splice(120,2)	14336	0	165527892	120	2	165528940
mixed	append	8	2	32.171	0.272	244.716	4528.104	splice(62,2)	14336	0	156687352	62	2	156688040
mixed	append	16	2	44.517	0.287	242.760	3505.421	splice(33,2)	14336	0	151077500	33	2	151077960
mixed	delete-small	2	2	359.974	315.001	259.928	4160.983	splice(237,2)	2098688	2092544	174483932	237	2	175122164
mixed	delete-small	4	2	810.431	753.303	270.755	3772.244	splice(119,2)	4198400	4192256	164333372	119	2	165528424
mixed	delete-small	8	2	1953.608	1874.161	295.005	3456.143	splice(61,2)	8392704	8386560	154451604	61	2	156687576
mixed	delete-small	16	2	4488.292	4361.021	338.454	3481.740	splice(32,2)	16778752	16772608	146808376	32	2	151077464
mixed	rename-small-mid	2	2	364.302	317.929	261.805	4196.923	splice(237,2)	2098688	2094080	174483932	237	2	175122656
mixed	rename-small-mid	4	2	795.220	739.120	270.437	3857.164	splice(119,3)	4198400	4193792	164333372	119	3	165529452
mixed	rename-small-mid	8	2	1926.450	1846.817	296.751	3464.229	splice(61,3)	8392704	8388096	154451604	61	3	156688988
mixed	rename-small-mid	16	2	4504.082	4376.416	337.144	3258.574	splice(32,2)	16778752	16774144	146808376	32	2	151077920
mixed	rename-text256	2	2	30.050	0.982	247.996	4154.898	splice(237,2)	4608	0	175120808	237	2	175122572
mixed	rename-text256	4	2	28.756	0.524	240.533	3768.577	splice(119,2)	4608	0	165527804	119	2	165528824
mixed	rename-text256	8	2	30.768	0.644	243.224	3559.653	splice(61,2)	4608	0	156687264	61	2	156687928
mixed	rename-text256	16	2	25.439	0.283	238.590	3827.939	splice(32,2)	4608	0	151077412	32	2	151077844
mixed	rename-first-same	2	2	211.110	175.716	248.464	4153.716	splice(237,2)	2081280	2076672	174945400	237	2	175122572
mixed	rename-first-same	4	2	368.291	330.616	252.092	3978.673	splice(119,2)	4055040	4050432	165256272	119	2	165528784
mixed	rename-first-same	8	2	885.795	834.505	266.999	3446.641	splice(61,2)	8390144	8385536	155973736	61	2	156687940
mixed	rename-first-same	16	2	2028.798	1948.887	290.820	5153.420	splice(32,2)	16781312	16776704	149724008	32	2	151077860
mixed	rename-folder-small	2	2	7144.592	46432.408	1556.757	4194.627	splice(158,81)	166339072	140734464	124662524	158	81	175122784
mixed	rename-folder-small	4	2	6803.265	46020.846	1432.089	3836.008	splice(80,41)	166339072	140734464	118144972	80	41	165528812
mixed	rename-folder-small	8	2	9604.001	58339.516	1318.887	3480.023	splice(42,21)	166339072	140734464	112294888	42	21	156689936
mixed	rename-folder-small	16	2	13059.542	65996.402	1239.587	3293.683	splice(23,11)	166339072	140734464	108678504	23	11	151077104
payload	append	2	2	21.276	0.252	33.265	1940.687	splice(193,2)	13824	0	141996936	193	2	141998268
payload	append	4	2	20.418	0.289	32.663	1762.279	splice(129,2)	13824	0	137183752	129	2	137184620
payload	append	8	2	20.562	0.268	32.529	1757.755	splice(64,2)	13824	0	137187372	64	2	137188044
payload	append	16	2	19.297	0.257	31.986	1535.390	splice(22,2)	13824	0	131116468	22	2	131116852
payload	payload-delete-mid	2	2	21.500	0.782	32.623	1904.027	splice(190,1)	10240	0	140437796	190	1	140439004
payload	payload-delete-mid	4	2	20.375	0.774	31.616	1725.678	splice(127,1)	10240	0	135724824	127	1	135725576
payload	payload-delete-mid	8	2	20.499	0.802	31.763	1718.289	splice(63,1)	10240	0	135728040	63	1	135728600
payload	payload-delete-mid	16	2	2560.587	2471.566	95.501	1513.206	splice(21,2)	8399872	8389632	127118920	21	2	129858644
payload	payload-rename-mid	2	2	21.905	0.917	32.856	1937.497	splice(192,2)	4096	0	141996840	192	2	141998148
payload	payload-rename-mid	4	2	20.980	0.974	32.602	1759.920	splice(128,2)	4096	0	137183656	128	2	137184500
payload	payload-rename-mid	8	2	1024.803	968.240	67.728	1759.302	splice(63,2)	4198400	4194304	135728040	63	2	137188168
payload	payload-rename-mid	16	2	4294.919	4181.815	122.520	1534.209	splice(21,2)	12588032	12583936	127118920	21	2	131116724
payload	payload-rename-folder	2	2	30.038	19.273	33.365	1941.638	splice(128,66)	36864	0	141990696	128	66	141998268
payload	payload-rename-folder	4	2	25.809	19.698	32.849	1762.304	splice(64,66)	36864	0	137177512	64	66	137184620
payload	payload-rename-folder	8	2	11585.253	84487.272	1759.818	1762.981	fullEncode(noReusableChunk)	268472320	268435456	0	0	65	137187052
payload	payload-rename-folder	16	2	16374.692	120428.620	1545.535	1540.210	fullEncode(noReusableChunk)	268472320	268435456	0	0	23	131114840
