corpus	threads	S_MiB	runs	median_elapsed_s	median_user_s	median_peak_rss_mib	output_bytes	size_vs_S16	time_vs_S16
headers	1	2	2	3.725	3.77	56.8	3854824	+8.25%	-14.9%
headers	1	4	2	3.957	3.99	85.0	3754860	+5.45%	-9.7%
headers	1	8	2	4.144	4.16	130.5	3630036	+1.94%	-5.4%
headers	1	16	2	4.380	4.35	161.4	3560960	+0.00%	+0.0%
headers	8	2	2	0.690	4.17	344.2	3854824	+8.25%	-70.9%
headers	8	4	2	0.827	4.57	476.8	3754860	+5.45%	-65.2%
headers	8	8	2	1.281	4.86	452.1	3630036	+1.94%	-46.1%
headers	8	16	2	2.377	4.71	285.3	3560960	+0.00%	+0.0%
small	1	2	2	24.717	25.13	98.8	50458948	+19.01%	-37.7%
small	1	4	2	28.423	28.81	121.0	47383288	+11.76%	-28.4%
small	1	8	2	34.081	34.41	172.9	44392708	+4.70%	-14.1%
small	1	16	2	39.673	39.91	206.0	42399164	+0.00%	+0.0%
small	8	2	2	5.035	35.70	388.4	50458948	+19.01%	-60.6%
small	8	4	2	6.541	46.53	558.8	47383288	+11.76%	-48.8%
small	8	8	2	9.375	60.06	924.3	44392708	+4.70%	-26.6%
small	8	16	2	12.777	66.96	1015.4	42399164	+0.00%	+0.0%
text	1	2	2	48.614	48.51	58.9	99836044	+18.65%	-41.2%
text	1	4	2	57.447	57.30	78.7	93418096	+11.02%	-30.5%
text	1	8	2	71.180	71.00	137.8	87692672	+4.22%	-13.9%
text	1	16	2	82.632	82.44	161.2	84145252	+0.00%	+0.0%
text	8	2	2	10.096	75.74	350.4	99836044	+18.65%	-47.5%
text	8	4	2	13.256	101.12	526.2	93418096	+11.02%	-31.1%
text	8	8	2	16.706	129.14	920.6	87692672	+4.22%	-13.1%
text	8	16	2	19.230	150.62	1094.8	84145252	+0.00%	+0.0%
random	1	2	2	16.479	16.42	57.5	268452540	+0.00%	-52.9%
random	1	4	2	19.938	19.87	79.5	268450232	+0.00%	-43.0%
random	1	8	2	26.908	26.81	142.9	268449080	+0.00%	-23.1%
random	1	16	2	34.987	34.90	155.8	268448504	+0.00%	+0.0%
random	8	2	2	3.433	26.55	348.8	268452540	+0.00%	-50.5%
random	8	4	2	4.269	33.29	517.6	268450232	+0.00%	-38.5%
random	8	8	2	5.635	44.10	902.8	268449080	+0.00%	-18.8%
random	8	16	2	6.938	54.70	1068.2	268448504	+0.00%	+0.0%
mixed	1	2	2	76.470	77.11	107.5	175122564	+15.92%	-38.9%
mixed	1	4	2	88.248	88.86	124.2	165528816	+9.57%	-29.5%
mixed	1	8	2	107.872	108.44	175.3	156687920	+3.71%	-13.9%
mixed	1	16	2	125.234	125.69	208.9	151077836	+0.00%	+0.0%
mixed	8	2	2	16.006	119.67	400.6	175122564	+15.92%	-51.7%
mixed	8	4	2	20.486	156.12	575.8	165528816	+9.57%	-38.1%
mixed	8	8	2	26.670	197.54	970.6	156687920	+3.71%	-19.5%
mixed	8	16	2	33.114	227.23	1140.0	151077836	+0.00%	+0.0%
payload	8	2	2	10.970	64.70	274.2	141998148	+8.30%	-32.2%
payload	8	4	2	18.942	74.85	314.8	137184500	+4.63%	+17.0%
payload	8	8	2	11.043	84.73	527.2	137187924	+4.63%	-31.8%
payload	8	16	2	16.187	120.56	1019.5	131116732	+0.00%	+0.0%
