S_MiB	corpus	bytes	xz_t_exit	bsdtar_tf_exit	bsdtar_entries	expected_entries	decoded_sha256
2	headers	3854824	0	0	3724	3724	e86c4696c41a1096
2	small	50458948	0	0	50001	50001	e4a8d3af6178605f
2	text	99836044	0	0	1	1	e3bd607ccd91087d
2	random	268452540	0	0	1	1	30b1f24be256b245
2	mixed	175122564	0	0	53727	53727	94951249455c24e3
2	payload	141998148	0	0	65	65	bea221cb6daab289
4	headers	3754860	0	0	3724	3724	e86c4696c41a1096
4	small	47383288	0	0	50001	50001	e4a8d3af6178605f
4	text	93418096	0	0	1	1	e3bd607ccd91087d
4	random	268450232	0	0	1	1	30b1f24be256b245
4	mixed	165528816	0	0	53727	53727	94951249455c24e3
4	payload	137184500	0	0	65	65	bea221cb6daab289
8	headers	3630036	0	0	3724	3724	e86c4696c41a1096
8	small	44392708	0	0	50001	50001	e4a8d3af6178605f
8	text	87692672	0	0	1	1	e3bd607ccd91087d
8	random	268449080	0	0	1	1	30b1f24be256b245
8	mixed	156687920	0	0	53727	53727	94951249455c24e3
8	payload	137187924	0	0	65	65	bea221cb6daab289
16	headers	3560960	0	0	3724	3724	e86c4696c41a1096
16	small	42399164	0	0	50001	50001	e4a8d3af6178605f
16	text	84145252	0	0	1	1	e3bd607ccd91087d
16	random	268448504	0	0	1	1	30b1f24be256b245
16	mixed	151077836	0	0	53727	53727	94951249455c24e3
16	payload	131116732	0	0	65	65	bea221cb6daab289
