run	selector	exit	passed	failed	skipped	log	log_sha256
92	ArchivePublicationTransformationTests	0	8	0	0	build/s25-p5a/092-ArchivePublicationTransformationTests.log	9b70efb1a94afa1d539fd731f581347d21ecf1d311550018e6d6374f6a5db374
93	SevenZipUpdateEditTests/testAttributeLessSourcesKeepDirectoryKindsAndOmitAddedAttributes	0	1	0	0	build/s25-p5a/093-SevenZipUpdateEditTests-testAttributeLessSourcesKeepDirectoryKindsAndOmitAddedAttributes.log	8f6a6adb51371078de9e68a742d652c0de9f74b1833de2bc007f4727be681007
94	SevenZipUpdateEditTests/testAttributesAndAllDeletedThenAddedRemainEditable	0	1	0	0	build/s25-p5a/094-SevenZipUpdateEditTests-testAttributesAndAllDeletedThenAddedRemainEditable.log	1ed4ddbac16d4fd2461b0956fb5fb72f72f87f1504e1916cddfcafcee192af31
95	SevenZipUpdateDeferredSaveTests/testFiveChangesAndRenameOnlyPreserveReservedOrderAndFolderDate	0	1	0	0	build/s25-p5a/095-SevenZipUpdateDeferredSaveTests-testFiveChangesAndRenameOnlyPreserveReservedOrderAndFolderDate.log	4df3a52dc2792693f8a92bfbb7e84ffc3136f87d10416618525b92dcb879111f
96	SevenZipUpdateVerificationFailureTests/testProjectionKeepsRootSizesAndChecksEncryptionInBothRoutes	0	1	0	0	build/s25-p5a/096-SevenZipUpdateVerificationFailureTests-testProjectionKeepsRootSizesAndChecksEncryptionInBothRoutes.log	4fe07648da86609d82df7a42fbaaaf0b27e0f4cfc9855d04840c0b1fa16b4615
97	DeferredSaveAttributeTests/testDeferredDirectoryDatesAndCarriedOwnersWithKeepAndReset	0	1	0	0	build/s25-p5a/097-DeferredSaveAttributeTests-testDeferredDirectoryDatesAndCarriedOwnersWithKeepAndReset.log	6806d2dcc0270602c8774982baf63f84bb36f530b7f3b864757f4eb466201707
98	DeferredSaveAttributeTests/testPendingAndSavedDirectoryFileDatesModesAndXattrsMatchInEveryFormat	0	1	0	0	build/s25-p5a/098-DeferredSaveAttributeTests-testPendingAndSavedDirectoryFileDatesModesAndXattrsMatchInEveryFormat.log	6c8155061c818cdf02c6cc716c857e5c6d1effbeb7b27438f7859036532be1db
99	ArchiveRewriteTests/testRemovingEveryMemberKeepsEmptyArchiveReadableEditableAndUndoable	0	1	0	0	build/s25-p5a/099-ArchiveRewriteTests-testRemovingEveryMemberKeepsEmptyArchiveReadableEditableAndUndoable.log	a1bfb6baa7dc143d60ce6f63b037865c804d81a07f186544a5a59a7fd5e5523a
100	ArchiveRewriteTests/testSevenZipDocumentEditsAndUndoRestoreOriginalSHA256	0	1	0	0	build/s25-p5a/100-ArchiveRewriteTests-testSevenZipDocumentEditsAndUndoRestoreOriginalSHA256.log	f040298a14dbfc62e592b14b797f667a9d79bcd2e997a9c9daed1bf6bfc01688
101	ScenarioShapeTests/testSolidSevenZipUpdateAppendKeepsEveryEntryAndByte	0	1	0	0	build/s25-p5a/101-ScenarioShapeTests-testSolidSevenZipUpdateAppendKeepsEveryEntryAndByte.log	de86c26b4319fe2a6fdf1e046c75f11b7abad145bf78587bf54b8ef7ca7615a0
102	ScenarioShapeTests/testSolidSevenZipLegacyBeginningAppendKeepsEveryEntryAndByte	0	1	0	0	build/s25-p5a/102-ScenarioShapeTests-testSolidSevenZipLegacyBeginningAppendKeepsEveryEntryAndByte.log	7c02b73eccc08e1dcbdaf4a07c406699f7e12ef547fbeb4bef89e60d1891b443
103	CompressionCapabilityTests/testSwapFilteredSevenZipBatchAppendAndUndoPreserveContentsAndEncryption	0	1	0	0	build/s25-p5a/103-CompressionCapabilityTests-testSwapFilteredSevenZipBatchAppendAndUndoPreserveContentsAndEncryption.log	deab5ec9d4a1b9df226bae729ae056fae4cf189acd8a404ef8078d4fce73bdeb
104	ArchiveImportCorrectionTests/testImportUsesSessionSnapshotWithoutAnExtraOpen	0	1	0	0	build/s25-p5a/104-ArchiveImportCorrectionTests-testImportUsesSessionSnapshotWithoutAnExtraOpen.log	d8e2fc276a9dc0117d6ccb5dd650d94c12dc0a6cf473d2852d608e5d6f98101f
105	ArchivePasswordEditingTests/testSevenZipBeginningPasswordEditsStillUseRewriter	0	1	0	0	build/s25-p5a/105-ArchivePasswordEditingTests-testSevenZipBeginningPasswordEditsStillUseRewriter.log	516f180b7a878376d6d6b21405a5acf3e0087f4c569b1486c257af8f23ba22be
