class	case	placement	status	run	log
ArchiveCapabilityInspectionTests	testAssembledVolumeSetRefusesEditingEvenWhenNameCheckNoLongerFindsSiblings		passed	17	build/s25-p5a/017-ArchiveCapabilityInspectionTests.log
ArchiveCapabilityInspectionTests	testHundredThousandEntryZIPSessionOpensInAboutOneParse		skipped	17	build/s25-p5a/017-ArchiveCapabilityInspectionTests.log
ArchiveCapabilityInspectionTests	testLHAUpdaterKeepsExistingNameAndSymlinkRefusals		passed	17	build/s25-p5a/017-ArchiveCapabilityInspectionTests.log
ArchiveCapabilityInspectionTests	testMutationReloadOpensAtMostTwice		passed	17	build/s25-p5a/017-ArchiveCapabilityInspectionTests.log
ArchiveCapabilityInspectionTests	testPasswordEditOnZIPRunsTheInPlaceGatekeepersFirst		passed	17	build/s25-p5a/017-ArchiveCapabilityInspectionTests.log
ArchiveCapabilityInspectionTests	testPublishTimeCentralDirectoryRefusalIsRememberedByTheSession		passed	17	build/s25-p5a/017-ArchiveCapabilityInspectionTests.log
ArchiveCapabilityInspectionTests	testReaderBasedInspectKeepsRefusals		passed	17	build/s25-p5a/017-ArchiveCapabilityInspectionTests.log
ArchiveCapabilityInspectionTests	testReaderBasedInspectMatchesURLBasedInspectForEveryEditableFormat		passed	17	build/s25-p5a/017-ArchiveCapabilityInspectionTests.log
ArchiveCapabilityInspectionTests	testSessionOpenParsesZIPOnceAndInspectsFromTheReader		passed	17	build/s25-p5a/017-ArchiveCapabilityInspectionTests.log
ArchiveCapabilityInspectionTests	testSingleLHASpellingsUseUpdaterAndSplitLHAStillRewrites		passed	17	build/s25-p5a/017-ArchiveCapabilityInspectionTests.log
ArchiveCapabilityInspectionTests	testSingleTarSpellingsUseUpdaterAndSplitTarStillRewrites		passed	17	build/s25-p5a/017-ArchiveCapabilityInspectionTests.log
ArchiveCapabilityInspectionTests	testSingleTarWithSplitVolumeNameStillRewritesWithoutSiblings		passed	17	build/s25-p5a/017-ArchiveCapabilityInspectionTests.log
ArchiveCapabilityInspectionTests	testTarUpdaterKeepsTheExistingRepresentabilityGate		passed	17	build/s25-p5a/017-ArchiveCapabilityInspectionTests.log
ArchivePasswordEditingTests	testCorruptReencryptedOutputDoesNotPromptOrDisableEditing		passed	14	build/s25-p5a/014-ArchivePasswordEditingTests.log
ArchivePasswordEditingTests	testEncryptedConversionSwitchesDocumentUsingOutputPassword		passed	14	build/s25-p5a/014-ArchivePasswordEditingTests.log
ArchivePasswordEditingTests	testFailedReloadClearsVerificationEvenWhenSameBytesCanBeReopened		passed	14	build/s25-p5a/014-ArchivePasswordEditingTests.log
ArchivePasswordEditingTests	testImmediateAESMutationsRetainVerificationButExternalReloadDoesNot		passed	14	build/s25-p5a/014-ArchivePasswordEditingTests.log
ArchivePasswordEditingTests	testKnownAESAndZipCryptoZIPAppendPreservesExistingRecordAndEncryptsNewEntries		passed	14	build/s25-p5a/014-ArchivePasswordEditingTests.log
ArchivePasswordEditingTests	testKnownSevenZipAppendKeepsPasswordAndHeaderProtection		passed	14	build/s25-p5a/014-ArchivePasswordEditingTests.log
ArchivePasswordEditingTests	testMenuPlacementAndValidationForPlainKnownUnknownLockedTarAndRAR		interrupted	46	build/s25-p5a/046-ArchivePasswordEditingTests-testMenuPlacementAndValidationForPlainKnownUnknownLockedTarAndRAR.log
ArchivePasswordEditingTests	testNewArchiveCreationCarriesEncryptionAndValidatesProtectedHeaders		passed	45	build/s25-p5a/045-ArchivePasswordEditingTests-testNewArchiveCreationCarriesEncryptionAndValidatesProtectedHeaders.log
ArchivePasswordEditingTests	testNonRelocatablePasswordEditFallsBackOnceAndResetsProgress		passed	43	build/s25-p5a/043-ArchivePasswordEditingTests-testNonRelocatablePasswordEditFallsBackOnceAndResetsProgress.log
ArchivePasswordEditingTests	testPasswordOnlyPublishCommitsRewriterWithNoEdits		passed	40	build/s25-p5a/040-ArchivePasswordEditingTests-testPasswordOnlyPublishCommitsRewriterWithNoEdits.log
ArchivePasswordEditingTests	testPasswordOnlyPublishCommitsUpdaterWithByteProgressAndCancellation		passed	41	build/s25-p5a/041-ArchivePasswordEditingTests-testPasswordOnlyPublishCommitsUpdaterWithByteProgressAndCancellation.log
ArchivePasswordEditingTests	testPasswordRewriteCancellationAndIdentityFailureKeepBytesPasswordAndUndo		passed	48	build/s25-p5a/048-ArchivePasswordEditingTests-testPasswordRewriteCancellationAndIdentityFailureKeepBytesPasswordAndUndo.log
ArchivePasswordEditingTests	testPendingPublishRetainsVerificationUnlessReplacedBeforeReload		passed	34	build/s25-p5a/034-ArchivePasswordEditingTests-testPendingPublishRetainsVerificationUnlessReplacedBeforeReload.log
ArchivePasswordEditingTests	testSevenZipBeginningPasswordEditsStillUseRewriter		passed	44	build/s25-p5a/044-ArchivePasswordEditingTests-testSevenZipBeginningPasswordEditsStillUseRewriter.log
ArchivePasswordEditingTests	testSevenZipHeaderProtectionSetChangeRemoveAndUndoRedo		passed	39	build/s25-p5a/039-ArchivePasswordEditingTests-testSevenZipHeaderProtectionSetChangeRemoveAndUndoRedo.log
ArchivePasswordEditingTests	testSevenZipSetChangeRemoveAndUndoRedo		passed	38	build/s25-p5a/038-ArchivePasswordEditingTests-testSevenZipSetChangeRemoveAndUndoRedo.log
ArchivePasswordEditingTests	testUndoDoesNotPromoteUnverifiedEncryptedEntries		passed	35	build/s25-p5a/035-ArchivePasswordEditingTests-testUndoDoesNotPromoteUnverifiedEncryptedEntries.log
ArchivePasswordEditingTests	testUndoRedoCarryOnlyVerifiedCapturedEncryptedEntries		passed	36	build/s25-p5a/036-ArchivePasswordEditingTests-testUndoRedoCarryOnlyVerifiedCapturedEncryptedEntries.log
ArchivePasswordEditingTests	testUnknownAndIncorrectPasswordsCannotPublishAnEdit		passed	47	build/s25-p5a/047-ArchivePasswordEditingTests-testUnknownAndIncorrectPasswordsCannotPublishAnEdit.log
ArchivePasswordEditingTests	testZIPPasswordMatrixPreservesStoredPayloadAndMetadataAndAdoptsReader		passed	42	build/s25-p5a/042-ArchivePasswordEditingTests-testZIPPasswordMatrixPreservesStoredPayloadAndMetadataAndAdoptsReader.log
ArchivePasswordEditingTests	testZIPSetChangeRemoveAndUndoRedo		passed	37	build/s25-p5a/037-ArchivePasswordEditingTests-testZIPSetChangeRemoveAndUndoRedo.log
ArchiveReaderAdoptionTests	testAllFormatsAndSpellingsAdoptEveryImmediateOperation		passed	18	build/s25-p5a/018-ArchiveReaderAdoptionTests.log
ArchiveReaderAdoptionTests	testDescriptorBindingRefusesReplacedVerificationPath		passed	18	build/s25-p5a/018-ArchiveReaderAdoptionTests.log
ArchiveReaderAdoptionTests	testDittoAppleDoubleUsesExposedEntries		passed	18	build/s25-p5a/018-ArchiveReaderAdoptionTests.log
ArchiveReaderAdoptionTests	testEncryptedAndPlainZIPDeletionsAdopt		passed	18	build/s25-p5a/018-ArchiveReaderAdoptionTests.log
ArchiveReaderAdoptionTests	testExFATAdoption		skipped	18	build/s25-p5a/018-ArchiveReaderAdoptionTests.log
ArchiveReaderAdoptionTests	testFallbackReasonsReleaseOutputBeforeOpening		passed	18	build/s25-p5a/018-ArchiveReaderAdoptionTests.log
ArchiveReaderAdoptionTests	testFiveChangeSavesAdoptIncludingPreservedTarOwners		passed	18	build/s25-p5a/018-ArchiveReaderAdoptionTests.log
ArchiveReaderAdoptionTests	testHFSAdoption		skipped	18	build/s25-p5a/018-ArchiveReaderAdoptionTests.log
ArchiveReaderAdoptionTests	testOutputProbeRejectsSplitTailAndSFXWithoutChangingCapabilities		passed	18	build/s25-p5a/018-ArchiveReaderAdoptionTests.log
ArchiveReaderAdoptionTests	testPasswordChangesAndDeferredEncryptionRetainVerification		passed	18	build/s25-p5a/018-ArchiveReaderAdoptionTests.log
ArchiveReaderAdoptionTests	testPostPublicationCancellationReloadsAdoptionAndFallback		passed	18	build/s25-p5a/018-ArchiveReaderAdoptionTests.log
ArchiveReaderAdoptionTests	testPublishedNameRules		passed	18	build/s25-p5a/018-ArchiveReaderAdoptionTests.log
ArchiveReaderAdoptionTests	testSingleNumberedFilesAndPostPublishAppendFallback		passed	18	build/s25-p5a/018-ArchiveReaderAdoptionTests.log
ArchiveReaderAdoptionTests	testVerifiedSourceClampsReadsAndRejectsNonRegularFiles		passed	18	build/s25-p5a/018-ArchiveReaderAdoptionTests.log
ArchiveRewriteTests	testCancellationAfterRewriteCommitDiscardsUndoSlotAndWorkDirectory		passed	15	build/s25-p5a/015-ArchiveRewriteTests.log
ArchiveRewriteTests	testCancellationDuringRewriteCarryPreservesBytesAndRegistersNoUndo		passed	15	build/s25-p5a/015-ArchiveRewriteTests.log
ArchiveRewriteTests	testEncryptedSevenZipEditPathsUseKnownPasswordWithoutPrompting		passed	15	build/s25-p5a/015-ArchiveRewriteTests.log
ArchiveRewriteTests	testEncryptedSevenZipHeadersAreRefused		passed	15	build/s25-p5a/015-ArchiveRewriteTests.log
ArchiveRewriteTests	testEncryptedSevenZipPayloadIsRefused		passed	15	build/s25-p5a/015-ArchiveRewriteTests.log
ArchiveRewriteTests	testEncryptedZIPCapabilityStaysInPlace		passed	15	build/s25-p5a/015-ArchiveRewriteTests.log
ArchiveRewriteTests	testExtensionlessTarRewriteUsesTarWorkFile		passed	15	build/s25-p5a/015-ArchiveRewriteTests.log
ArchiveRewriteTests	testLHABeginningPlacementResolvesToRewriteAndShowsNotice		passed	15	build/s25-p5a/015-ArchiveRewriteTests.log
ArchiveRewriteTests	testLHACapabilityUsesUpdateMode		passed	15	build/s25-p5a/015-ArchiveRewriteTests.log
ArchiveRewriteTests	testLHADocumentEditsAndUndoRestoreOriginalSHA256		passed	15	build/s25-p5a/015-ArchiveRewriteTests.log
ArchiveRewriteTests	testMalformedRewriteCandidateIsUnavailableAndOtherFormatsStayReadOnly		passed	15	build/s25-p5a/015-ArchiveRewriteTests.log
ArchiveRewriteTests	testReadOnlyParentRefusesZIPAndEveryRewriteFormat		passed	15	build/s25-p5a/015-ArchiveRewriteTests.log
ArchiveRewriteTests	testRemovingEveryMemberKeepsEmptyArchiveReadableEditableAndUndoable		passed	15	build/s25-p5a/015-ArchiveRewriteTests.log
ArchiveRewriteTests	testRewriteNoticeAndRefusalsHaveJapaneseCatalogEntries		passed	15	build/s25-p5a/015-ArchiveRewriteTests.log
ArchiveRewriteTests	testRewritePublishRefusesEncryptionIntroducedAfterCapabilityProbe		passed	15	build/s25-p5a/015-ArchiveRewriteTests.log
ArchiveRewriteTests	testSessionRequestsOptionsForAppendCreateFolderAndEditInEveryMode		passed	15	build/s25-p5a/015-ArchiveRewriteTests.log
ArchiveRewriteTests	testSevenZipCapabilityUsesUpdateMode		passed	15	build/s25-p5a/015-ArchiveRewriteTests.log
ArchiveRewriteTests	testSevenZipDocumentEditsAndUndoRestoreOriginalSHA256		passed	15	build/s25-p5a/015-ArchiveRewriteTests.log
ArchiveRewriteTests	testTGZCapabilityUsesTarGzipDespiteKaitoKitReportingTar		passed	15	build/s25-p5a/015-ArchiveRewriteTests.log
ArchiveRewriteTests	testTGZDocumentEditsAndUndoRestoreOriginalSHA256		passed	15	build/s25-p5a/015-ArchiveRewriteTests.log
ArchiveRewriteTests	testTarAppendHonoursPreferredOwnerIDs		passed	15	build/s25-p5a/015-ArchiveRewriteTests.log
ArchiveRewriteTests	testTarAppendOwnerIDsVerificationStress		passed	15	build/s25-p5a/015-ArchiveRewriteTests.log
ArchiveRewriteTests	testTarAppendPreservesModeQuarantineAndEveryExtendedAttribute		passed	15	build/s25-p5a/015-ArchiveRewriteTests.log
ArchiveRewriteTests	testTarBzip2AndXZCapabilitiesEnableTheCorrectWriter		passed	15	build/s25-p5a/015-ArchiveRewriteTests.log
ArchiveRewriteTests	testTarBzip2DocumentEditsAndUndoRestoreOriginalSHA256		passed	15	build/s25-p5a/015-ArchiveRewriteTests.log
ArchiveRewriteTests	testTarCapabilityUsesUpdateMode		passed	15	build/s25-p5a/015-ArchiveRewriteTests.log
ArchiveRewriteTests	testTarDocumentEditsAndUndoRestoreOriginalSHA256		passed	15	build/s25-p5a/015-ArchiveRewriteTests.log
ArchiveRewriteTests	testTarGzipRewriteHonoursPreferredCompressionLevel		passed	15	build/s25-p5a/015-ArchiveRewriteTests.log
ArchiveRewriteTests	testTarWrapperDetectionUsesMagicInsteadOfExtension		passed	15	build/s25-p5a/015-ArchiveRewriteTests.log
ArchiveRewriteTests	testTarXZDocumentEditsAndUndoRestoreOriginalSHA256		passed	15	build/s25-p5a/015-ArchiveRewriteTests.log
ArchiveRewriteTests	testTruncatedCompressedTarSignaturesCannotEnableEditing		passed	15	build/s25-p5a/015-ArchiveRewriteTests.log
ArchiveRewriteTests	testUnrepresentableTarEntryRefusesWithEntryAndReasonWithoutCreatingWork		passed	15	build/s25-p5a/015-ArchiveRewriteTests.log
ArchiveRewriteTests	testWindowRewriteNoticeContainsRecompressionAndZIPDoesNot		passed	15	build/s25-p5a/015-ArchiveRewriteTests.log
ArchiveRewriteTests	testZIPAppendUsesLatestDocumentPreferences		passed	15	build/s25-p5a/015-ArchiveRewriteTests.log
ArchiveRewriteTests	testZIPCapabilityStaysInPlace		passed	15	build/s25-p5a/015-ArchiveRewriteTests.log
ArchiveSaveAsTests	testCancellingSavePanelLeavesDocumentAndOriginalUnchanged		interrupted	16	build/s25-p5a/016-ArchiveSaveAsTests.log
ArchiveSaveAsTests	testSplitSaveAsChecksSecondVolumeBeforeWritingAndBeforePublishing		passed	53	build/s25-p5a/053-ArchiveSaveAsTests-testSplitSaveAsChecksSecondVolumeBeforeWritingAndBeforePublishing.log
ArchiveSaveAsTests	testSplitSevenZipSaveAsCreatesSingleArchiveAndKeepsEverySourceVolume		passed	52	build/s25-p5a/052-ArchiveSaveAsTests-testSplitSevenZipSaveAsCreatesSingleArchiveAndKeepsEverySourceVolume.log
ArchiveSaveAsTests	testZIPToSevenZipSwitchesBackingFileAndKeepsOriginalBytes		interrupted	54	build/s25-p5a/054-ArchiveSaveAsTests-testZIPToSevenZipSwitchesBackingFileAndKeepsOriginalBytes.log
AutosaveIsolationTests	testAutosaveKeysCoverAllApplicationAutosaveNames		passed	29	build/s25-p5a/029-AutosaveIsolationTests.log
AutosaveIsolationTests	testResetRestoresDefaultSortForNextController		passed	29	build/s25-p5a/029-AutosaveIsolationTests.log
CompressedTarRoutingTests	testCompressedFormatsUseTheirOwnAssessmentNotice		passed	33	build/s25-p5a/033-CompressedTarRoutingTests.log
CompressedTarRoutingTests	testFormatsFramingAndEveryPreferenceCombination		passed	33	build/s25-p5a/033-CompressedTarRoutingTests.log
CompressedTarRoutingTests	testMissingReaderRefusesAndMissingSnapshotFallsBackBeforeMutation		passed	33	build/s25-p5a/033-CompressedTarRoutingTests.log
CompressionCapabilityTests	testSwapFilteredSevenZipBatchAppendAndUndoPreserveContentsAndEncryption		passed	32	build/s25-p5a/032-CompressionCapabilityTests-testSwapFilteredSevenZipBatchAppendAndUndoPreserveContentsAndEncryption.log
CompressionThreadPreferenceTests	testAllSevenFormatsOnlyChangeCompressionThreads		passed	27	build/s25-p5a/027-CompressionThreadPreferenceTests.log
CompressionThreadPreferenceTests	testAutomaticThreadsAndMemoryEstimates		passed	27	build/s25-p5a/027-CompressionThreadPreferenceTests.log
CompressionThreadPreferenceTests	testCreationLevelAndEncryptionKeepThreads		passed	27	build/s25-p5a/027-CompressionThreadPreferenceTests.log
CompressionThreadPreferenceTests	testOpenDocumentsReadThreadChangesWithoutReopening		passed	27	build/s25-p5a/027-CompressionThreadPreferenceTests.log
CompressionThreadPreferenceTests	testPasswordVerificationUsesConfiguredAndAutomaticThreads		passed	27	build/s25-p5a/027-CompressionThreadPreferenceTests.log
CompressionThreadPreferenceTests	testSerialAndParallelCompressionProduceIdenticalBytes		passed	27	build/s25-p5a/027-CompressionThreadPreferenceTests.log
DeferredSaveAttributeTests	testDeferredDirectoryDatesAndCarriedOwnersWithKeepAndReset		passed	19	build/s25-p5a/019-DeferredSaveAttributeTests.log
DeferredSaveAttributeTests	testDeferredTarAdditionUsesOriginalSourceOwnersInsteadOfStagingOwners		passed	19	build/s25-p5a/019-DeferredSaveAttributeTests.log
DeferredSaveAttributeTests	testDeferredTarPreservesSourceOwnerIDsThroughSaveAndSaveAs		interrupted	19	build/s25-p5a/019-DeferredSaveAttributeTests.log
DeferredSaveAttributeTests	testPendingAndSavedDirectoryFileDatesModesAndXattrsMatchInEveryFormat		passed	50	build/s25-p5a/050-DeferredSaveAttributeTests-testPendingAndSavedDirectoryFileDatesModesAndXattrsMatchInEveryFormat.log
DeferredSaveAttributeTests	testReplayPassesSourceOwnersAndReservedDirectoryDatesWithoutTemporaryDirectories		passed	49	build/s25-p5a/049-DeferredSaveAttributeTests-testReplayPassesSourceOwnersAndReservedDirectoryDatesWithoutTemporaryDirectories.log
DeferredSaveAttributeTests	testTarOwnerCarrierPreservesLargeIDsAndPAXPaths		passed	51	build/s25-p5a/051-DeferredSaveAttributeTests-testTarOwnerCarrierPreservesLargeIDsAndPAXPaths.log
DeferredSavePlanEquivalenceTests	testCachedAndUncachedValidationHaveIdenticalErrors		passed	20	build/s25-p5a/020-DeferredSavePlanEquivalenceTests.log
DeferredSavePlanEquivalenceTests	testGeneratedPlansMatchReferenceIncludingInvalidAndConflictingNames		passed	20	build/s25-p5a/020-DeferredSavePlanEquivalenceTests.log
DeferredSavePlanEquivalenceTests	testHardLinkTargetsAndChainsMatchReference		passed	20	build/s25-p5a/020-DeferredSavePlanEquivalenceTests.log
DeferredSavePlanEquivalenceTests	testKeyCountsAreBoundedByEntriesAndChanges		passed	20	build/s25-p5a/020-DeferredSavePlanEquivalenceTests.log
DeferredSavePlanEquivalenceTests	testRepresentabilityFastPathPreservesHardLinkIndexSemantics		passed	20	build/s25-p5a/020-DeferredSavePlanEquivalenceTests.log
DeferredSplitSaveTests	testCommittedCleanupWarningIsSuccessAndHeldVerificationKeepsPending		failed	22	build/s25-p5a/022-DeferredSplitSaveTests.log
DeferredSplitSaveTests	testCoordinationTimeoutUsesDocumentPresenterAndNeverEntersS5		passed	22	build/s25-p5a/022-DeferredSplitSaveTests.log
DeferredSplitSaveTests	testCrashS7MemberOpenOffersRecoveryBeforeMissingGateNormalization		interrupted	22	build/s25-p5a/022-DeferredSplitSaveTests.log
EditPlacementPreferencesTests	testEveryFormatOptionAndRouteCombination		passed	26	build/s25-p5a/026-EditPlacementPreferencesTests.log
EditPlacementPreferencesTests	testOpenDocumentUsesNewSettingsOnTheNextEdit		passed	26	build/s25-p5a/026-EditPlacementPreferencesTests.log
EditPlacementPreferencesTests	testProbePlacementEnvironmentMatchesSessionOptionsAndRequiredStage		passed	26	build/s25-p5a/026-EditPlacementPreferencesTests.log
EditPlacementPreferencesTests	testRewriterEndAndLegacyBeginningAcrossFormats		passed	26	build/s25-p5a/026-EditPlacementPreferencesTests.log
EditPlacementPreferencesTests	testRoundTripAndUnknownValuesUseEndAndKeep		passed	26	build/s25-p5a/026-EditPlacementPreferencesTests.log
LHAUpdateEditTests	testDeleteAllThenAddImmediatelyAndDeferred		passed	25	build/s25-p5a/025-LHAUpdateEditTests.log
LHAUpdateEditTests	testImmediateEditsPreserveMembersAttributesAndAdoptVerifiedReader		passed	25	build/s25-p5a/025-LHAUpdateEditTests.log
LHAUpdateEditTests	testMixedCP932DeclaredAndASCIINamesSurviveJapaneseAdditionAndRename		passed	25	build/s25-p5a/025-LHAUpdateEditTests.log
NameIndexEquivalenceTests	testAdvanceRejectsOrderKindAndDirtyNamesAndDowngradesUnrepresentableChange		passed	21	build/s25-p5a/021-NameIndexEquivalenceTests.log
NameIndexEquivalenceTests	testCachedReplayKeysScaleWithChangesAndMatchReference		passed	21	build/s25-p5a/021-NameIndexEquivalenceTests.log
NameIndexEquivalenceTests	testCleanPredicateAndHardLinksRetainMultiplicity		passed	21	build/s25-p5a/021-NameIndexEquivalenceTests.log
NameIndexEquivalenceTests	testDeferredCyclesAndFallbackCorpusMatchDisabledIndex		passed	21	build/s25-p5a/021-NameIndexEquivalenceTests.log
NameIndexEquivalenceTests	testDeferredSaveReusesProofAndInstallForEveryUpdaterFormat		passed	21	build/s25-p5a/021-NameIndexEquivalenceTests.log
NameIndexEquivalenceTests	testDeletionWithoutIndexDoesNotBuildAndBadAdvanceRebuildsOnce		passed	21	build/s25-p5a/021-NameIndexEquivalenceTests.log
NameIndexEquivalenceTests	testGenerationProofAndInstallGuards		passed	21	build/s25-p5a/021-NameIndexEquivalenceTests.log
NameIndexEquivalenceTests	testImmediateAdvanceAndBuildCountersForZIPAndTar		passed	21	build/s25-p5a/021-NameIndexEquivalenceTests.log
NameIndexEquivalenceTests	testImmediateCorpusMatchesDisabledIndexIncludingRejections		passed	21	build/s25-p5a/021-NameIndexEquivalenceTests.log
NameIndexEquivalenceTests	testLHAInternalRewriteAndUnspecifiedReloadDiscardIndex		passed	21	build/s25-p5a/021-NameIndexEquivalenceTests.log
NameIndexEquivalenceTests	testRewriteFallbackDropsProofBeforeNextEdit		passed	21	build/s25-p5a/021-NameIndexEquivalenceTests.log
PerformanceProbeTests	testArchiveEditorsDirectlyWhenEnabled	beginning	passed	87	build/s25-p5a/087-PerformanceProbeTests-testArchiveEditorsDirectlyWhenEnabled.log
PerformanceProbeTests	testArchiveEditorsDirectlyWhenEnabled	end	passed	84	build/s25-p5a/084-PerformanceProbeTests-testArchiveEditorsDirectlyWhenEnabled.log
PerformanceProbeTests	testArchiveEditsWhenEnabled	beginning	passed	88	build/s25-p5a/088-PerformanceProbeTests-testArchiveEditsWhenEnabled.log
PerformanceProbeTests	testArchiveEditsWhenEnabled	end	passed	85	build/s25-p5a/085-PerformanceProbeTests-testArchiveEditsWhenEnabled.log
PerformanceProbeTests	testArchivePasswordEditsWhenEnabled	beginning	passed	91	build/s25-p5a/091-PerformanceProbeTests-testArchivePasswordEditsWhenEnabled.log
PerformanceProbeTests	testArchivePasswordEditsWhenEnabled	end	passed	90	build/s25-p5a/090-PerformanceProbeTests-testArchivePasswordEditsWhenEnabled.log
ScenarioShapeTests	testSolidSevenZipLegacyBeginningAppendKeepsEveryEntryAndByte		passed	31	build/s25-p5a/031-ScenarioShapeTests-testSolidSevenZipLegacyBeginningAppendKeepsEveryEntryAndByte.log
ScenarioShapeTests	testSolidSevenZipUpdateAppendKeepsEveryEntryAndByte		passed	30	build/s25-p5a/030-ScenarioShapeTests-testSolidSevenZipUpdateAppendKeepsEveryEntryAndByte.log
SevenZipUpdateDeferredSaveTests	testEncryptionReservationPrecedesAdditionWithoutRelocationInBothModes		passed	9	build/s25-p5a/009-SevenZipUpdateDeferredSaveTests.log
SevenZipUpdateDeferredSaveTests	testFiveChangesAndRenameOnlyPreserveReservedOrderAndFolderDate		passed	9	build/s25-p5a/009-SevenZipUpdateDeferredSaveTests.log
SevenZipUpdateDeferredSaveTests	testNumberedSevenZipStillRewritesInBothSaveModes		passed	9	build/s25-p5a/009-SevenZipUpdateDeferredSaveTests.log
SevenZipUpdateDeferredSaveTests	testZIPReplayBeforeAndAfterAdditionProducesIdenticalBytes		passed	9	build/s25-p5a/009-SevenZipUpdateDeferredSaveTests.log
SevenZipUpdateEditTests	testAttributeLessSourcesKeepDirectoryKindsAndOmitAddedAttributes		passed	13	build/s25-p5a/013-SevenZipUpdateEditTests.log
SevenZipUpdateEditTests	testAttributesAndAllDeletedThenAddedRemainEditable		passed	13	build/s25-p5a/013-SevenZipUpdateEditTests.log
SevenZipUpdateEditTests	testFrozenImmediateEditsKeepUntouchedPacksAndAdoptReader		passed	13	build/s25-p5a/013-SevenZipUpdateEditTests.log
SevenZipUpdateEditTests	testMixedEncryptionPreservesExistingStatesAndEncryptsNewEntries		passed	13	build/s25-p5a/013-SevenZipUpdateEditTests.log
SevenZipUpdateNonAPFSTests	testExFATEditsMatchAPFS		skipped	12	build/s25-p5a/012-SevenZipUpdateNonAPFSTests.log
SevenZipUpdateNonAPFSTests	testFAT32EditsMatchAPFS		skipped	12	build/s25-p5a/012-SevenZipUpdateNonAPFSTests.log
SevenZipUpdateNonAPFSTests	testHFSPlusEditsMatchAPFS		skipped	12	build/s25-p5a/012-SevenZipUpdateNonAPFSTests.log
SevenZipUpdateNonAPFSTests	testSequentialEditsWithoutCloneMatchAPFS		passed	12	build/s25-p5a/012-SevenZipUpdateNonAPFSTests.log
SevenZipUpdatePasswordTests	testFrozenPasswordLifecycleAndDeferredRenameUseUpdater		passed	10	build/s25-p5a/010-SevenZipUpdatePasswordTests.log
SevenZipUpdatePasswordTests	testMixedPasswordsStopDuringVerificationBeforeUpdaterOpen		passed	10	build/s25-p5a/010-SevenZipUpdatePasswordTests.log
SevenZipUpdatePasswordTests	testOpenFallbackPasswordMutationAcceptsRewriter		passed	10	build/s25-p5a/010-SevenZipUpdatePasswordTests.log
SevenZipUpdatePasswordTests	testReencryptionFailureUsesExistingDiagnosticAndPreservesSource		passed	10	build/s25-p5a/010-SevenZipUpdatePasswordTests.log
SevenZipUpdatePasswordTests	testUnsupportedAssessmentUsesRewriterAndCompletesProgress		passed	10	build/s25-p5a/010-SevenZipUpdatePasswordTests.log
SevenZipUpdateRoutingTests	testBeginningPlacementRewritesOnceAndPutsAdditionFirst		passed	7	build/s25-p5a/007-SevenZipUpdateRoutingTests.log
SevenZipUpdateRoutingTests	testFallbackDeleteAndSaveOpenAndMutateExactlyOnce		passed	7	build/s25-p5a/007-SevenZipUpdateRoutingTests.log
SevenZipUpdateRoutingTests	testOpenDocumentUsesChangedPlacementOnNextEdit		passed	7	build/s25-p5a/007-SevenZipUpdateRoutingTests.log
SevenZipUpdateRoutingTests	testProbeEncryptionFixturesAndHeaderPolicy		passed	7	build/s25-p5a/007-SevenZipUpdateRoutingTests.log
SevenZipUpdateRoutingTests	testReadOnlyNamesKeepTheRepresentabilityGate		passed	7	build/s25-p5a/007-SevenZipUpdateRoutingTests.log
SevenZipUpdateRoutingTests	testSingleFileAssessmentPlacementAndNoticeTable		passed	7	build/s25-p5a/007-SevenZipUpdateRoutingTests.log
SevenZipUpdateVerificationFailureTests	testProjectionKeepsRootSizesAndChecksEncryptionInBothRoutes		passed	11	build/s25-p5a/011-SevenZipUpdateVerificationFailureTests.log
SevenZipUpdateVerificationFailureTests	testRequiresRewriteAfterOpenNeverRepeatsMutation		passed	11	build/s25-p5a/011-SevenZipUpdateVerificationFailureTests.log
SevenZipUpdateVerificationFailureTests	testWrongOrderPlainFolderAndSelfCheckFailuresPreserveSessionAndSource		passed	11	build/s25-p5a/011-SevenZipUpdateVerificationFailureTests.log
SevenZipUpdateVerificationFailureTests	testZeroWorkProgressIgnoresCallerMeterAndCancellationPreservesSource		passed	11	build/s25-p5a/011-SevenZipUpdateVerificationFailureTests.log
TarUpdateEditTests	testCarriedNamesKeepExactBytes		passed	23	build/s25-p5a/023-TarUpdateEditTests.log
TarUpdateEditTests	testDeferredFiveChangesAndRenameOnlyKeepProjectedStorageOrder		passed	23	build/s25-p5a/023-TarUpdateEditTests.log
TarUpdateEditTests	testDeleteAllThenAddToEmptyTarImmediatelyAndDeferred		passed	23	build/s25-p5a/023-TarUpdateEditTests.log
TarUpdateEditTests	testExFATEditsMatchAPFS		skipped	23	build/s25-p5a/023-TarUpdateEditTests.log
TarUpdateEditTests	testFAT32EditsMatchAPFS		skipped	23	build/s25-p5a/023-TarUpdateEditTests.log
TarUpdateEditTests	testHFSPlusEditsMatchAPFS		skipped	23	build/s25-p5a/023-TarUpdateEditTests.log
TarUpdateEditTests	testImmediateEditsKeepMemberBytesAttributesAndAdoptVerifiedReader		passed	23	build/s25-p5a/023-TarUpdateEditTests.log
TarUpdateEditTests	testOutputOrderAndLinkCorruptionAndUpdaterVerificationAreRejected		passed	23	build/s25-p5a/023-TarUpdateEditTests.log
TarUpdateEditTests	testRequiresRewriteAfterOpenDoesNotReplayMutation		passed	23	build/s25-p5a/023-TarUpdateEditTests.log
TarUpdateEditTests	testSequentialEditsWithoutCloneMatchAPFS		passed	23	build/s25-p5a/023-TarUpdateEditTests.log
TarUpdateEditTests	testStructuralFallbackOpensAndMutatesExactlyOnce		passed	23	build/s25-p5a/023-TarUpdateEditTests.log
TarUpdateEditTests	testZeroByteCommitProgressFinishesAndCancellationKeepsOriginal		passed	23	build/s25-p5a/023-TarUpdateEditTests.log
TarUpdateProjectionTests	testAddedHardLinksAreAtTheEndAndNameTheirFirstAddition		passed	28	build/s25-p5a/028-TarUpdateProjectionTests.log
TarUpdateProjectionTests	testAllTarUpdateModesKeepOrderKindsSizesAndRoot		passed	28	build/s25-p5a/028-TarUpdateProjectionTests.log
TarUpdateProjectionTests	testTarHardLinksRetargetMaterializeAndResolveFallbackFromOriginalInputs		passed	28	build/s25-p5a/028-TarUpdateProjectionTests.log
WordingAcceptanceTests	testBrazilianPortugueseStyle		passed	64	build/s25-p5a/064-WordingAcceptanceTests-testBrazilianPortugueseStyle.log
WordingAcceptanceTests	testCatalogHasTwentySixNonemptyTranslationsWithMatchingOrderedFormatSpecifiers		passed	56	build/s25-p5a/056-WordingAcceptanceTests-testCatalogHasTwentySixNonemptyTranslationsWithMatchingOrderedFormatSpecifiers.log
WordingAcceptanceTests	testCzechStyle		passed	82	build/s25-p5a/082-WordingAcceptanceTests-testCzechStyle.log
WordingAcceptanceTests	testDanishStyle		passed	78	build/s25-p5a/078-WordingAcceptanceTests-testDanishStyle.log
WordingAcceptanceTests	testDutchStyle		passed	74	build/s25-p5a/074-WordingAcceptanceTests-testDutchStyle.log
WordingAcceptanceTests	testEnglishStyle		passed	59	build/s25-p5a/059-WordingAcceptanceTests-testEnglishStyle.log
WordingAcceptanceTests	testEuropeanPortugueseStyle		passed	83	build/s25-p5a/083-WordingAcceptanceTests-testEuropeanPortugueseStyle.log
WordingAcceptanceTests	testEveryLanguageUsesTheSpecifiedItemCountAndCommandEllipsis		passed	57	build/s25-p5a/057-WordingAcceptanceTests-testEveryLanguageUsesTheSpecifiedItemCountAndCommandEllipsis.log
WordingAcceptanceTests	testFinnishStyle		passed	80	build/s25-p5a/080-WordingAcceptanceTests-testFinnishStyle.log
WordingAcceptanceTests	testFrenchStyle		passed	61	build/s25-p5a/061-WordingAcceptanceTests-testFrenchStyle.log
WordingAcceptanceTests	testGermanStyle		passed	60	build/s25-p5a/060-WordingAcceptanceTests-testGermanStyle.log
WordingAcceptanceTests	testHindiStyle		passed	72	build/s25-p5a/072-WordingAcceptanceTests-testHindiStyle.log
WordingAcceptanceTests	testIndonesianStyle		passed	70	build/s25-p5a/070-WordingAcceptanceTests-testIndonesianStyle.log
WordingAcceptanceTests	testItalianStyle		passed	63	build/s25-p5a/063-WordingAcceptanceTests-testItalianStyle.log
WordingAcceptanceTests	testJapaneseStyle		passed	58	build/s25-p5a/058-WordingAcceptanceTests-testJapaneseStyle.log
WordingAcceptanceTests	testKoreanStyle		passed	67	build/s25-p5a/067-WordingAcceptanceTests-testKoreanStyle.log
WordingAcceptanceTests	testMalayStyle		passed	71	build/s25-p5a/071-WordingAcceptanceTests-testMalayStyle.log
WordingAcceptanceTests	testNorwegianBokmalStyle		passed	79	build/s25-p5a/079-WordingAcceptanceTests-testNorwegianBokmalStyle.log
WordingAcceptanceTests	testPolishStyle		passed	75	build/s25-p5a/075-WordingAcceptanceTests-testPolishStyle.log
WordingAcceptanceTests	testRussianStyle		passed	73	build/s25-p5a/073-WordingAcceptanceTests-testRussianStyle.log
WordingAcceptanceTests	testSevenZipSolidNoticeHasAllTwentySixTranslations		passed	55	build/s25-p5a/055-WordingAcceptanceTests-testSevenZipSolidNoticeHasAllTwentySixTranslations.log
WordingAcceptanceTests	testSimplifiedChineseStyle		passed	65	build/s25-p5a/065-WordingAcceptanceTests-testSimplifiedChineseStyle.log
WordingAcceptanceTests	testSpanishStyle		passed	62	build/s25-p5a/062-WordingAcceptanceTests-testSpanishStyle.log
WordingAcceptanceTests	testSwedishStyle		passed	77	build/s25-p5a/077-WordingAcceptanceTests-testSwedishStyle.log
WordingAcceptanceTests	testThaiStyle		passed	68	build/s25-p5a/068-WordingAcceptanceTests-testThaiStyle.log
WordingAcceptanceTests	testTraditionalChineseStyle		passed	66	build/s25-p5a/066-WordingAcceptanceTests-testTraditionalChineseStyle.log
WordingAcceptanceTests	testTurkishStyle		passed	76	build/s25-p5a/076-WordingAcceptanceTests-testTurkishStyle.log
WordingAcceptanceTests	testUkrainianStyle		passed	81	build/s25-p5a/081-WordingAcceptanceTests-testUkrainianStyle.log
WordingAcceptanceTests	testVietnameseStyle		passed	69	build/s25-p5a/069-WordingAcceptanceTests-testVietnameseStyle.log
