run	selector	exit	passed	failed	skipped	interrupted	placement	encryption	entries	payload_mib	log	log_sha256
1	SevenZipUpdateRoutingTests	0	5	0	0	0					build/s25-p5a/001-SevenZipUpdateRoutingTests.log	603b772d303e67baa471031b992f0f9e129a4f7544dd51b0db4130221d9ebb85
2	SevenZipUpdateEditTests	1	0	2	0	0					build/s25-p5a/002-SevenZipUpdateEditTests.log	63dd4a0ed6e7275926222d793283e531cfb423d1e8e13ff502bce2b7cf3ebd7c
3	SevenZipUpdateDeferredSaveTests	1	3	1	0	0					build/s25-p5a/003-SevenZipUpdateDeferredSaveTests.log	8629cd21c18ecc340257a66e21ab2e7a5ba36150021838a69292cf4c4fac1e27
4	SevenZipUpdatePasswordTests	1	4	1	0	0					build/s25-p5a/004-SevenZipUpdatePasswordTests.log	75a051f27f5d01a75d6e919f557ffbb7f98a3d4b3ead712e6dabf1b5c9182b7e
5	SevenZipUpdateVerificationFailureTests	0	4	0	0	0					build/s25-p5a/005-SevenZipUpdateVerificationFailureTests.log	6a34dd05d41f6ba49655aa918edf7339bc865a3cc060724a727522d74215f119
6	SevenZipUpdateNonAPFSTests	0	1	0	3	0					build/s25-p5a/006-SevenZipUpdateNonAPFSTests.log	c526f0940eb415e2198f60a3855c9a938c27d92fb9f5a2cd60b52f09043cbedd
7	SevenZipUpdateRoutingTests	0	6	0	0	0					build/s25-p5a/007-SevenZipUpdateRoutingTests.log	b62d83e2b23feae5d05fa7b0f9c3b7cccaf16342352141e6a5f9a9126f8efa6c
8	SevenZipUpdateEditTests	1	3	1	0	0					build/s25-p5a/008-SevenZipUpdateEditTests.log	a4661ee7a41132d3c0a7fa9096fba902d5c15ac5805d843b1a707d4a18bc2db5
9	SevenZipUpdateDeferredSaveTests	0	4	0	0	0					build/s25-p5a/009-SevenZipUpdateDeferredSaveTests.log	511225a5bd2cc17f0742d78f237cd6debe8d94c1deaf2a21ff27e0c72a725391
10	SevenZipUpdatePasswordTests	0	5	0	0	0					build/s25-p5a/010-SevenZipUpdatePasswordTests.log	44be8a7cdceed60ce05cd55ee6b270d629a3b5f3096f646f4aa6e439b3379ef2
11	SevenZipUpdateVerificationFailureTests	0	4	0	0	0					build/s25-p5a/011-SevenZipUpdateVerificationFailureTests.log	6574e00d7f349c11b9414720e7a89eb7f5f77200f9ebb82d36955a4ca6843c34
12	SevenZipUpdateNonAPFSTests	0	1	0	3	0					build/s25-p5a/012-SevenZipUpdateNonAPFSTests.log	d4402af0d714fea492134912ed26a111872e38e1f8dccc35d247e3e9c771d674
13	SevenZipUpdateEditTests	0	4	0	0	0					build/s25-p5a/013-SevenZipUpdateEditTests.log	53f89517f0257f6127f6c26bd627d1bb79b933cee8bbcda2564f685c7da933d5
14	ArchivePasswordEditingTests	-6	6	0	0	1					build/s25-p5a/014-ArchivePasswordEditingTests.log	2971fe5027f471fcc8644b83bbc5d69bb56d0da0b2d70c3a0ca5cf1f0c4946cd
15	ArchiveRewriteTests	0	35	0	0	0					build/s25-p5a/015-ArchiveRewriteTests.log	32abd48313ac33a1017756e2d26b0bffa38ac126bb90481d8caf7148f270e9d8
16	ArchiveSaveAsTests	69	0	0	0	1					build/s25-p5a/016-ArchiveSaveAsTests.log	1f7488a2a45eaaab520682380ed2d6c136f0ab762047e98e502a0ca20e7a9946
17	ArchiveCapabilityInspectionTests	0	12	0	1	0					build/s25-p5a/017-ArchiveCapabilityInspectionTests.log	f1fe68448e6614e755b30e797624e795dc185cf53ad9ddbca00fd081f330ae77
18	ArchiveReaderAdoptionTests	0	12	0	2	0					build/s25-p5a/018-ArchiveReaderAdoptionTests.log	57d7eac4769c6212c71dc7669aeb8f4efb050303c112ad298b65650872eb93c7
19	DeferredSaveAttributeTests	69	2	0	0	1					build/s25-p5a/019-DeferredSaveAttributeTests.log	be19f90dd1c6336cc1efe44f12b0b8565ecb545309d73d17e57c528fe0ea6198
20	DeferredSavePlanEquivalenceTests	0	5	0	0	0					build/s25-p5a/020-DeferredSavePlanEquivalenceTests.log	c773fd2c6d4b0f46cba0fcc044a8f12d6726304eb1b493a6d39f398678ca472f
21	NameIndexEquivalenceTests	0	11	0	0	0					build/s25-p5a/021-NameIndexEquivalenceTests.log	7603ed95d0524ac92bc72b586ceb12d14f291a5e71630075e4ab1775021b7fcd
22	DeferredSplitSaveTests	-10	1	1	0	1					build/s25-p5a/022-DeferredSplitSaveTests.log	18988001c8cbe49a11b57a34b36f54fe99b809aa87cf74d7cf90f117852eb1de
23	TarUpdateEditTests	0	9	0	3	0					build/s25-p5a/023-TarUpdateEditTests.log	d94a8b506c2c1df724a020eacad8882c68b50c5c11882385a2f06e22dcf2301e
24	CompressedTarRoutingTests	1	2	1	0	0					build/s25-p5a/024-CompressedTarRoutingTests.log	034cd281fdf8672682d631c681da25438c5a13fd73bdc6f195a14b921190d1ac
25	LHAUpdateEditTests	0	3	0	0	0					build/s25-p5a/025-LHAUpdateEditTests.log	cae5d2aae48717589478f86482769d31ef2c27d20de9b5bf3d274a3d434ff2b0
26	EditPlacementPreferencesTests	0	5	0	0	0					build/s25-p5a/026-EditPlacementPreferencesTests.log	935120138154516d0a9e1a3d8f7d15be6c721c6fa5830c36bae33faa10a4d3f1
27	CompressionThreadPreferenceTests	0	6	0	0	0					build/s25-p5a/027-CompressionThreadPreferenceTests.log	e92c5031e1780d16b7401316a9b386f08e2c32486ce20e48a370a1a24625fefc
28	TarUpdateProjectionTests	0	3	0	0	0					build/s25-p5a/028-TarUpdateProjectionTests.log	dbc24b5e4cca700709eb2b9287f4c1d9e3184f85d1dbfc8d422b405b62c882e3
29	AutosaveIsolationTests	0	2	0	0	0					build/s25-p5a/029-AutosaveIsolationTests.log	d117a63721d299f6e58d3e8be4bd543610e63e68271fb73e3dc8e5607a429a98
30	ScenarioShapeTests/testSolidSevenZipUpdateAppendKeepsEveryEntryAndByte	0	1	0	0	0					build/s25-p5a/030-ScenarioShapeTests-testSolidSevenZipUpdateAppendKeepsEveryEntryAndByte.log	b3dcea6891e2702f8964d7af71c84a1d3eaae289848cc9260ccf39e1e640c012
31	ScenarioShapeTests/testSolidSevenZipLegacyBeginningAppendKeepsEveryEntryAndByte	0	1	0	0	0					build/s25-p5a/031-ScenarioShapeTests-testSolidSevenZipLegacyBeginningAppendKeepsEveryEntryAndByte.log	6393186aaed439f21ef40e8f808fc9eb14a8e8e84f5739d7ed16ddf303b67c91
32	CompressionCapabilityTests/testSwapFilteredSevenZipBatchAppendAndUndoPreserveContentsAndEncryption	0	1	0	0	0					build/s25-p5a/032-CompressionCapabilityTests-testSwapFilteredSevenZipBatchAppendAndUndoPreserveContentsAndEncryption.log	4dbb8519b64b3b17e3069b8399d92ef5c6db1c045e4b458d2808ea3a02775f80
33	CompressedTarRoutingTests	0	3	0	0	0					build/s25-p5a/033-CompressedTarRoutingTests.log	3ac32142287dff6bf237f268708d36055352db299d6430ef3cf438276f8cbbac
34	ArchivePasswordEditingTests/testPendingPublishRetainsVerificationUnlessReplacedBeforeReload	0	1	0	0	0					build/s25-p5a/034-ArchivePasswordEditingTests-testPendingPublishRetainsVerificationUnlessReplacedBeforeReload.log	8be4492a2e50404f75b4b4db8fca1cc0331f58b494da2ec099ad2111ef9b70e7
35	ArchivePasswordEditingTests/testUndoDoesNotPromoteUnverifiedEncryptedEntries	0	1	0	0	0					build/s25-p5a/035-ArchivePasswordEditingTests-testUndoDoesNotPromoteUnverifiedEncryptedEntries.log	2226465cb04942742611e9d92641d1d048240390c0d5e9a22d0180580bc8e5b4
36	ArchivePasswordEditingTests/testUndoRedoCarryOnlyVerifiedCapturedEncryptedEntries	0	1	0	0	0					build/s25-p5a/036-ArchivePasswordEditingTests-testUndoRedoCarryOnlyVerifiedCapturedEncryptedEntries.log	fe2b450fbff52bcd974696d6f5b78c38c865745c7a6c39542806a67736ebf414
37	ArchivePasswordEditingTests/testZIPSetChangeRemoveAndUndoRedo	0	1	0	0	0					build/s25-p5a/037-ArchivePasswordEditingTests-testZIPSetChangeRemoveAndUndoRedo.log	c398d3d161bb211e16b07aa1d72ee438f5f74c7a6270416b520757f2aa83c062
38	ArchivePasswordEditingTests/testSevenZipSetChangeRemoveAndUndoRedo	0	1	0	0	0					build/s25-p5a/038-ArchivePasswordEditingTests-testSevenZipSetChangeRemoveAndUndoRedo.log	e050143ba5c2f1815becc03534facbf2c1564c612f7fdb7e77054172a97a081c
39	ArchivePasswordEditingTests/testSevenZipHeaderProtectionSetChangeRemoveAndUndoRedo	0	1	0	0	0					build/s25-p5a/039-ArchivePasswordEditingTests-testSevenZipHeaderProtectionSetChangeRemoveAndUndoRedo.log	f64726293a58df3f16b6e72bfdbeac53804579fb15f8f90855176ba45fed6367
40	ArchivePasswordEditingTests/testPasswordOnlyPublishCommitsRewriterWithNoEdits	0	1	0	0	0					build/s25-p5a/040-ArchivePasswordEditingTests-testPasswordOnlyPublishCommitsRewriterWithNoEdits.log	0f60f3cf43c809897fe1c95899c25c10eaf9560d683ca5b3ffe24a16ac63c394
41	ArchivePasswordEditingTests/testPasswordOnlyPublishCommitsUpdaterWithByteProgressAndCancellation	0	1	0	0	0					build/s25-p5a/041-ArchivePasswordEditingTests-testPasswordOnlyPublishCommitsUpdaterWithByteProgressAndCancellation.log	7dddffdf89bddbde7749e88bca081527632958916bb802cc34ee34f586a92c9b
42	ArchivePasswordEditingTests/testZIPPasswordMatrixPreservesStoredPayloadAndMetadataAndAdoptsReader	0	1	0	0	0					build/s25-p5a/042-ArchivePasswordEditingTests-testZIPPasswordMatrixPreservesStoredPayloadAndMetadataAndAdoptsReader.log	84ac123ad99a2117002134dad340ea2a1adf41a3453eba19758fc6f4149569ae
43	ArchivePasswordEditingTests/testNonRelocatablePasswordEditFallsBackOnceAndResetsProgress	0	1	0	0	0					build/s25-p5a/043-ArchivePasswordEditingTests-testNonRelocatablePasswordEditFallsBackOnceAndResetsProgress.log	3766ae8cd64178cf8e75dde4c5ad2a8f203b8288a048ca2ae56d8deeabaefd6c
44	ArchivePasswordEditingTests/testSevenZipBeginningPasswordEditsStillUseRewriter	0	1	0	0	0					build/s25-p5a/044-ArchivePasswordEditingTests-testSevenZipBeginningPasswordEditsStillUseRewriter.log	627e3886c3123471d0f68162ce03141c2a0cb931df47005d6b373bbf5a58a2fa
45	ArchivePasswordEditingTests/testNewArchiveCreationCarriesEncryptionAndValidatesProtectedHeaders	0	1	0	0	0					build/s25-p5a/045-ArchivePasswordEditingTests-testNewArchiveCreationCarriesEncryptionAndValidatesProtectedHeaders.log	e01dfcbc2826d3e83ec4afc1e3627edab5b88602f9a6b336baee5dd1a1133c6a
46	ArchivePasswordEditingTests/testMenuPlacementAndValidationForPlainKnownUnknownLockedTarAndRAR	-5	0	0	0	1					build/s25-p5a/046-ArchivePasswordEditingTests-testMenuPlacementAndValidationForPlainKnownUnknownLockedTarAndRAR.log	3ce6c064dabf5a1fabb12f36697c4ff1c50809a09478041979b37f9ad6e93cd3
47	ArchivePasswordEditingTests/testUnknownAndIncorrectPasswordsCannotPublishAnEdit	0	1	0	0	0					build/s25-p5a/047-ArchivePasswordEditingTests-testUnknownAndIncorrectPasswordsCannotPublishAnEdit.log	68b054548a6999656f57aefaf0fde00d80b8bc691b27114527e34744cbad5bdf
48	ArchivePasswordEditingTests/testPasswordRewriteCancellationAndIdentityFailureKeepBytesPasswordAndUndo	0	1	0	0	0					build/s25-p5a/048-ArchivePasswordEditingTests-testPasswordRewriteCancellationAndIdentityFailureKeepBytesPasswordAndUndo.log	8f5b2c564a9fde77af16ee46d8b8bdb61ad1395b3036283a9b89825a309973fb
49	DeferredSaveAttributeTests/testReplayPassesSourceOwnersAndReservedDirectoryDatesWithoutTemporaryDirectories	0	1	0	0	0					build/s25-p5a/049-DeferredSaveAttributeTests-testReplayPassesSourceOwnersAndReservedDirectoryDatesWithoutTemporaryDirectories.log	20f069da816a4d923240d1ccad59e0f3d20648315c4187e7b267fc00405c54d2
50	DeferredSaveAttributeTests/testPendingAndSavedDirectoryFileDatesModesAndXattrsMatchInEveryFormat	0	1	0	0	0					build/s25-p5a/050-DeferredSaveAttributeTests-testPendingAndSavedDirectoryFileDatesModesAndXattrsMatchInEveryFormat.log	34a162c5b670eaff76c3c17ac805140595ffbbb6497ddd8c23362c5d70293aa9
51	DeferredSaveAttributeTests/testTarOwnerCarrierPreservesLargeIDsAndPAXPaths	0	1	0	0	0					build/s25-p5a/051-DeferredSaveAttributeTests-testTarOwnerCarrierPreservesLargeIDsAndPAXPaths.log	443f28e2dccfedb36bfca68850db1bee894058c359c768f5590b57c48d1f24b9
52	ArchiveSaveAsTests/testSplitSevenZipSaveAsCreatesSingleArchiveAndKeepsEverySourceVolume	0	1	0	0	0					build/s25-p5a/052-ArchiveSaveAsTests-testSplitSevenZipSaveAsCreatesSingleArchiveAndKeepsEverySourceVolume.log	ec5057ff104c797188193d7b09eb60af7f4f2c0aad149c502a6f8bc87c3a6a8c
53	ArchiveSaveAsTests/testSplitSaveAsChecksSecondVolumeBeforeWritingAndBeforePublishing	0	1	0	0	0					build/s25-p5a/053-ArchiveSaveAsTests-testSplitSaveAsChecksSecondVolumeBeforeWritingAndBeforePublishing.log	57d2facd1575d5d954782f10ee5631dc949d00b4e4b3279a3d06c3f9c1962f96
54	ArchiveSaveAsTests/testZIPToSevenZipSwitchesBackingFileAndKeepsOriginalBytes	69	0	0	0	1					build/s25-p5a/054-ArchiveSaveAsTests-testZIPToSevenZipSwitchesBackingFileAndKeepsOriginalBytes.log	051b2489b371e72760b4fa3f8a15f56b46ad226a0d3cf48eb57bf06707a3b749
55	WordingAcceptanceTests/testSevenZipSolidNoticeHasAllTwentySixTranslations	0	1	0	0	0					build/s25-p5a/055-WordingAcceptanceTests-testSevenZipSolidNoticeHasAllTwentySixTranslations.log	099bce52b71051920df1968440a56816a1cb5fcfd42cc761ba70dab9dcce3560
56	WordingAcceptanceTests/testCatalogHasTwentySixNonemptyTranslationsWithMatchingOrderedFormatSpecifiers	0	1	0	0	0					build/s25-p5a/056-WordingAcceptanceTests-testCatalogHasTwentySixNonemptyTranslationsWithMatchingOrderedFormatSpecifiers.log	92e2277266321c6c3201d959cbb64bba95af8f8ea24224e9aa3fdf589f6517da
57	WordingAcceptanceTests/testEveryLanguageUsesTheSpecifiedItemCountAndCommandEllipsis	0	1	0	0	0					build/s25-p5a/057-WordingAcceptanceTests-testEveryLanguageUsesTheSpecifiedItemCountAndCommandEllipsis.log	8ddad1cfd3a22b1255422d4301607177cd0b4ecce0956562754efffad7f6800a
58	WordingAcceptanceTests/testJapaneseStyle	0	1	0	0	0					build/s25-p5a/058-WordingAcceptanceTests-testJapaneseStyle.log	bc11f2def38e83e6c87a2cba77192be27de72b6e5024a7c89f72b9a6fcd8d57e
59	WordingAcceptanceTests/testEnglishStyle	0	1	0	0	0					build/s25-p5a/059-WordingAcceptanceTests-testEnglishStyle.log	c417eaaf3c8f42a7a978409e65b1a51e70c7d8d020f7677488c8b8b127ac9e3f
60	WordingAcceptanceTests/testGermanStyle	0	1	0	0	0					build/s25-p5a/060-WordingAcceptanceTests-testGermanStyle.log	5756539b7907c08215f168c7ae6fe63b03878dd905f2418ac4b31ea359ba3ef3
61	WordingAcceptanceTests/testFrenchStyle	0	1	0	0	0					build/s25-p5a/061-WordingAcceptanceTests-testFrenchStyle.log	47a3eebcc93971379978f327e1137b443f53485eb504646a43b9a61d496eb2e5
62	WordingAcceptanceTests/testSpanishStyle	0	1	0	0	0					build/s25-p5a/062-WordingAcceptanceTests-testSpanishStyle.log	9feec4919e44915b7b2cb0f6ce5475b5182d90a44d6b2dad08c9030b1ca4612e
63	WordingAcceptanceTests/testItalianStyle	0	1	0	0	0					build/s25-p5a/063-WordingAcceptanceTests-testItalianStyle.log	f26efaa48afc6efed83f1885dfb854840c76775c133d3cfdb81965e2d97f6fb5
64	WordingAcceptanceTests/testBrazilianPortugueseStyle	0	1	0	0	0					build/s25-p5a/064-WordingAcceptanceTests-testBrazilianPortugueseStyle.log	ac6aa2f2cc88ea68316277ec4ea83576a2efc02ed50f5ff4dcd106e76bef123f
65	WordingAcceptanceTests/testSimplifiedChineseStyle	0	1	0	0	0					build/s25-p5a/065-WordingAcceptanceTests-testSimplifiedChineseStyle.log	257aad8854162fb0b5214d55417ad27050a058fb0e1e90098e3f8d28bd601b9c
66	WordingAcceptanceTests/testTraditionalChineseStyle	0	1	0	0	0					build/s25-p5a/066-WordingAcceptanceTests-testTraditionalChineseStyle.log	effbd7061f0274062f7242c598c970338810cd6575dfe3e001ae49c20675a115
67	WordingAcceptanceTests/testKoreanStyle	0	1	0	0	0					build/s25-p5a/067-WordingAcceptanceTests-testKoreanStyle.log	5399a887291a6d2d5fa240827cc8553082a3c472fa9f09139dee28bbdc05a4ba
68	WordingAcceptanceTests/testThaiStyle	0	1	0	0	0					build/s25-p5a/068-WordingAcceptanceTests-testThaiStyle.log	fd8955074bbbb3967c9c8f75db2df997d00e9c697676698dc7fa49eeac22fae4
69	WordingAcceptanceTests/testVietnameseStyle	0	1	0	0	0					build/s25-p5a/069-WordingAcceptanceTests-testVietnameseStyle.log	8fe381f7a19d646bf1aba1d38cd0c0f790a35f57e26d2d8d35e9631db23e8e94
70	WordingAcceptanceTests/testIndonesianStyle	0	1	0	0	0					build/s25-p5a/070-WordingAcceptanceTests-testIndonesianStyle.log	4b87d1e3d081d6cd293f1ad6c21c97a7096f587f264a8c7c7acc4af607d6efbb
71	WordingAcceptanceTests/testMalayStyle	0	1	0	0	0					build/s25-p5a/071-WordingAcceptanceTests-testMalayStyle.log	4ad6014c069f54a4e5f3db0622f32329da5c8c5e578c3cb74e516bc3fff7d08c
72	WordingAcceptanceTests/testHindiStyle	0	1	0	0	0					build/s25-p5a/072-WordingAcceptanceTests-testHindiStyle.log	eed931b911826b9927b32a8eff85e378122ab6a344fc4912a789b930697474bb
73	WordingAcceptanceTests/testRussianStyle	0	1	0	0	0					build/s25-p5a/073-WordingAcceptanceTests-testRussianStyle.log	abddd0cd46f089706762749fbb951e0ebcb2ea6765022ef22ca0bebea218fe0e
74	WordingAcceptanceTests/testDutchStyle	0	1	0	0	0					build/s25-p5a/074-WordingAcceptanceTests-testDutchStyle.log	a43d925a0e6eea86a7617189a15cc9001a8a66f126cab310bb2af49be2ada69c
75	WordingAcceptanceTests/testPolishStyle	0	1	0	0	0					build/s25-p5a/075-WordingAcceptanceTests-testPolishStyle.log	07dbf7febc4d1c2d32c4974592ca1d46750864814c7f1e70ccb17191832664bb
76	WordingAcceptanceTests/testTurkishStyle	0	1	0	0	0					build/s25-p5a/076-WordingAcceptanceTests-testTurkishStyle.log	2de93d99a1de69d0e5119c5940826f27a168b5da16f60609731161af01e292d7
77	WordingAcceptanceTests/testSwedishStyle	0	1	0	0	0					build/s25-p5a/077-WordingAcceptanceTests-testSwedishStyle.log	871c9f84ee10103428568cb872bc55043a6546f793a097bcacd5467fd910b73a
78	WordingAcceptanceTests/testDanishStyle	0	1	0	0	0					build/s25-p5a/078-WordingAcceptanceTests-testDanishStyle.log	7592ee2eb8c6c50c4d4092e7174ba89ec7e9161cef607934333265b8fc32bdb6
79	WordingAcceptanceTests/testNorwegianBokmalStyle	0	1	0	0	0					build/s25-p5a/079-WordingAcceptanceTests-testNorwegianBokmalStyle.log	7a6aaa506609fb51b4a194a9fba4ab789730c85cb9fbebfa97972ccc52d7a0ec
80	WordingAcceptanceTests/testFinnishStyle	0	1	0	0	0					build/s25-p5a/080-WordingAcceptanceTests-testFinnishStyle.log	f3fdff072db6102dab599874feb37f541eb8df2a35546bf9fa56c71d516e4775
81	WordingAcceptanceTests/testUkrainianStyle	0	1	0	0	0					build/s25-p5a/081-WordingAcceptanceTests-testUkrainianStyle.log	dc1dc8f4cec1e15e3c1e74a5e12fd368b985461731801752698401c5f462cba9
82	WordingAcceptanceTests/testCzechStyle	0	1	0	0	0					build/s25-p5a/082-WordingAcceptanceTests-testCzechStyle.log	b74560db5d2233bf0218caa085d5763a676edebf13b0c414fb040ad7f7b7190b
83	WordingAcceptanceTests/testEuropeanPortugueseStyle	0	1	0	0	0					build/s25-p5a/083-WordingAcceptanceTests-testEuropeanPortugueseStyle.log	4f524fe2bedbf6e315205d8497ecacd3c25c66db476397ca4206a9d18d8558ff
84	PerformanceProbeTests/testArchiveEditorsDirectlyWhenEnabled	0	1	0	0	0	end	7z	20	1	build/s25-p5a/084-PerformanceProbeTests-testArchiveEditorsDirectlyWhenEnabled.log	f14ba5d248282f4f4258beb0121cf5a4ec755b099a00cf501d76cafec67749e3
85	PerformanceProbeTests/testArchiveEditsWhenEnabled	0	1	0	0	0	end	7z	20	1	build/s25-p5a/085-PerformanceProbeTests-testArchiveEditsWhenEnabled.log	075ef0d832ae9a2ae91f9205db689ccde93621be4fd40420ec801bc3ef059c0f
86	PerformanceProbeTests/testArchivePasswordEditsWhenEnabled	1	0	1	0	0	end	7z	20	1	build/s25-p5a/086-PerformanceProbeTests-testArchivePasswordEditsWhenEnabled.log	d070cb4f1e0c3d3e7f4b70a0520a152a64b40238e8244195c57523a836b1d1d0
87	PerformanceProbeTests/testArchiveEditorsDirectlyWhenEnabled	0	1	0	0	0	beginning	7z	20	1	build/s25-p5a/087-PerformanceProbeTests-testArchiveEditorsDirectlyWhenEnabled.log	cea531892603126a55693891204dc7a8c9cb9f34eb5f286e8915edc2d13ebf23
88	PerformanceProbeTests/testArchiveEditsWhenEnabled	0	1	0	0	0	beginning	7z	20	1	build/s25-p5a/088-PerformanceProbeTests-testArchiveEditsWhenEnabled.log	f08074fdce3954a2b9e445bd83902ed4225ad2902f49b04c233b3401791a50d2
89	PerformanceProbeTests/testArchivePasswordEditsWhenEnabled	1	0	1	0	0	beginning	7z	20	1	build/s25-p5a/089-PerformanceProbeTests-testArchivePasswordEditsWhenEnabled.log	bea0f8fb3417deee7a83b7399c7026d0bfb5bdf1dfb98663c8c15084fc43fb3b
90	PerformanceProbeTests/testArchivePasswordEditsWhenEnabled	0	1	0	0	0	end	7z	20	1	build/s25-p5a/090-PerformanceProbeTests-testArchivePasswordEditsWhenEnabled.log	3fc1dca662285d743db47258bdfe71d7d1ff85696d315e01d4a46e7e62bb13de
91	PerformanceProbeTests/testArchivePasswordEditsWhenEnabled	0	1	0	0	0	beginning	7z	20	1	build/s25-p5a/091-PerformanceProbeTests-testArchivePasswordEditsWhenEnabled.log	5a398d53afa6a1a44ee976c3ffbd1b90287cd45fb0c875eb6cff87cf37ffe238
